🔁 Running git_update.sh at Thu Nov 13 17:22:57 CST 2025
🌐 Current ngrok URL: https://04211ff8ebf1.ngrok-free.app
✅ Update complete at Thu Nov 13 17:22:59 CST 2025
🔁 Running git_update.sh at Thu Nov 13 17:26:30 CST 2025
🌐 Current ngrok URL: https://04211ff8ebf1.ngrok-free.app
✅ Update complete at Thu Nov 13 17:26:32 CST 2025
🔁 Running git_update.sh at Fri Nov 14 00:51:56 CST 2025
🌐 Current ngrok URL: https://04211ff8ebf1.ngrok-free.app
✅ Update complete at Fri Nov 14 00:52:02 CST 2025
🔁 Running git_update.sh at Fri Nov 14 08:51:57 CST 2025
🌐 Current ngrok URL: https://04211ff8ebf1.ngrok-free.app
✅ Update complete at Fri Nov 14 08:52:02 CST 2025
🔁 Running git_update.sh at Fri Nov 14 16:51:56 CST 2025
🌐 Current ngrok URL: https://04211ff8ebf1.ngrok-free.app
✅ Update complete at Fri Nov 14 16:52:02 CST 2025
🔁 Running git_update.sh at Sat Nov 15 00:52:01 CST 2025
🌐 Current ngrok URL: https://04211ff8ebf1.ngrok-free.app
✅ Update complete at Sat Nov 15 00:52:07 CST 2025
🔁 Running git_update.sh at Sat Nov 15 08:51:56 CST 2025
🌐 Current ngrok URL: https://04211ff8ebf1.ngrok-free.app
✅ Update complete at Sat Nov 15 08:52:02 CST 2025
🔁 Running git_update.sh at Sat Nov 15 16:51:56 CST 2025
🌐 Current ngrok URL: https://04211ff8ebf1.ngrok-free.app
✅ Update complete at Sat Nov 15 16:52:03 CST 2025
🔁 Running git_update.sh at Sun Nov 16 00:51:56 CST 2025
🌐 Current ngrok URL: https://47c6d1d7d140.ngrok-free.app
✅ Update complete at Sun Nov 16 00:52:01 CST 2025
🔁 Running git_update.sh at Sun Nov 16 08:51:57 CST 2025
🌐 Current ngrok URL: https://47c6d1d7d140.ngrok-free.app
✅ Update complete at Sun Nov 16 08:52:00 CST 2025
🔁 Running git_update.sh at Sun Nov 16 16:51:56 CST 2025
🌐 Current ngrok URL: https://47c6d1d7d140.ngrok-free.app
✅ Update complete at Sun Nov 16 16:51:59 CST 2025
🔁 Running git_update.sh at Mon Nov 17 00:51:56 CST 2025
🌐 Current ngrok URL: https://47c6d1d7d140.ngrok-free.app
✅ Update complete at Mon Nov 17 00:52:03 CST 2025
🔁 Running git_update.sh at Mon Nov 17 08:51:56 CST 2025
🌐 Current ngrok URL: https://47c6d1d7d140.ngrok-free.app
✅ Update complete at Mon Nov 17 08:52:00 CST 2025
🔁 Running git_update.sh at Mon Nov 17 16:51:57 CST 2025
🌐 Current ngrok URL: https://47c6d1d7d140.ngrok-free.app
✅ Update complete at Mon Nov 17 16:52:00 CST 2025
🔁 Running git_update.sh at Tue Nov 18 00:51:56 CST 2025
🌐 Current ngrok URL: https://a03608e950b7.ngrok-free.app
✅ Update complete at Tue Nov 18 00:52:00 CST 2025
🔁 Running git_update.sh at Tue Nov 18 08:51:56 CST 2025
🌐 Current ngrok URL: https://a03608e950b7.ngrok-free.app
✅ Update complete at Tue Nov 18 08:52:00 CST 2025
🔁 Running git_update.sh at Tue Nov 18 16:51:57 CST 2025
🌐 Current ngrok URL: https://a03608e950b7.ngrok-free.app
✅ Update complete at Tue Nov 18 16:52:00 CST 2025
🔁 Running git_update.sh at Wed Nov 19 00:51:56 CST 2025
🌐 Current ngrok URL: https://a03608e950b7.ngrok-free.app
✅ Update complete at Wed Nov 19 00:52:00 CST 2025
🔁 Running git_update.sh at Wed Nov 19 08:51:56 CST 2025
🌐 Current ngrok URL: https://a03608e950b7.ngrok-free.app
✅ Update complete at Wed Nov 19 08:52:00 CST 2025
🔁 Running git_update.sh at Wed Nov 19 16:51:56 CST 2025
🌐 Current ngrok URL: https://a03608e950b7.ngrok-free.app
✅ Update complete at Wed Nov 19 16:52:00 CST 2025
🔁 Running git_update.sh at Thu Nov 20 00:51:56 CST 2025
🌐 Current ngrok URL: https://a03608e950b7.ngrok-free.app
✅ Update complete at Thu Nov 20 00:51:59 CST 2025
🔁 Running git_update.sh at Thu Nov 20 08:51:57 CST 2025
🌐 Current ngrok URL: https://a03608e950b7.ngrok-free.app
✅ Update complete at Thu Nov 20 08:52:01 CST 2025
🔁 Running git_update.sh at Thu Nov 20 16:51:56 CST 2025
🌐 Current ngrok URL: https://a03608e950b7.ngrok-free.app
✅ Update complete at Thu Nov 20 16:51:59 CST 2025
🔁 Running git_update.sh at Fri Nov 21 00:51:56 CST 2025
🌐 Current ngrok URL: https://a03608e950b7.ngrok-free.app
✅ Update complete at Fri Nov 21 00:52:01 CST 2025
🔁 Running git_update.sh at Fri Nov 21 08:51:58 CST 2025
🌐 Current ngrok URL: https://bac9f61682d6.ngrok-free.app
✅ Update complete at Fri Nov 21 08:52:02 CST 2025
🔁 Running git_update.sh at Fri Nov 21 16:51:58 CST 2025
🌐 Current ngrok URL: https://bac9f61682d6.ngrok-free.app
✅ Update complete at Fri Nov 21 16:52:01 CST 2025
🔁 Running git_update.sh at Sat Nov 22 00:51:56 CST 2025
🌐 Current ngrok URL: https://bac9f61682d6.ngrok-free.app
✅ Update complete at Sat Nov 22 00:52:02 CST 2025
🔁 Running git_update.sh at Sat Nov 22 08:51:56 CST 2025
🌐 Current ngrok URL: https://bac9f61682d6.ngrok-free.app
✅ Update complete at Sat Nov 22 08:51:59 CST 2025
🔁 Running git_update.sh at Sat Nov 22 16:51:56 CST 2025
🌐 Current ngrok URL: https://bac9f61682d6.ngrok-free.app
✅ Update complete at Sat Nov 22 16:52:00 CST 2025
🔁 Running git_update.sh at Sun Nov 23 00:51:56 CST 2025
🌐 Current ngrok URL: https://bac9f61682d6.ngrok-free.app
✅ Update complete at Sun Nov 23 00:52:03 CST 2025
🔁 Running git_update.sh at Sun Nov 23 08:52:05 CST 2025
🌐 Current ngrok URL: https://bac9f61682d6.ngrok-free.app
✅ Update complete at Sun Nov 23 08:52:14 CST 2025
🔁 Running git_update.sh at Sun Nov 23 16:51:56 CST 2025
🌐 Current ngrok URL: https://bac9f61682d6.ngrok-free.app
✅ Update complete at Sun Nov 23 16:52:00 CST 2025
🔁 Running git_update.sh at Mon Nov 24 00:51:57 CST 2025
🌐 Current ngrok URL: https://bac9f61682d6.ngrok-free.app
✅ Update complete at Mon Nov 24 00:52:19 CST 2025
🔁 Running git_update.sh at Mon Nov 24 08:51:57 CST 2025
🌐 Current ngrok URL: https://bac9f61682d6.ngrok-free.app
✅ Update complete at Mon Nov 24 08:52:25 CST 2025
🔁 Running git_update.sh at Mon Nov 24 16:51:56 CST 2025
🌐 Current ngrok URL: https://bac9f61682d6.ngrok-free.app
✅ Update complete at Mon Nov 24 16:52:00 CST 2025
🔁 Running git_update.sh at Tue Nov 25 00:51:56 CST 2025
🌐 Current ngrok URL: https://bac9f61682d6.ngrok-free.app
✅ Update complete at Tue Nov 25 00:52:00 CST 2025
🔁 Running git_update.sh at Tue Nov 25 08:51:57 CST 2025
🌐 Current ngrok URL: https://bac9f61682d6.ngrok-free.app
✅ Update complete at Tue Nov 25 08:52:02 CST 2025
🔁 Running git_update.sh at Tue Nov 25 16:51:56 CST 2025
🌐 Current ngrok URL: https://bac9f61682d6.ngrok-free.app
✅ Update complete at Tue Nov 25 16:52:07 CST 2025
🔁 Running git_update.sh at Wed Nov 26 00:51:56 CST 2025
🌐 Current ngrok URL: https://bac9f61682d6.ngrok-free.app
✅ Update complete at Wed Nov 26 00:52:03 CST 2025
🔁 Running git_update.sh at Wed Nov 26 08:51:56 CST 2025
🌐 Current ngrok URL: https://bac9f61682d6.ngrok-free.app
✅ Update complete at Wed Nov 26 08:52:00 CST 2025
🔁 Running git_update.sh at Wed Nov 26 16:51:57 CST 2025
🌐 Current ngrok URL: https://bac9f61682d6.ngrok-free.app
✅ Update complete at Wed Nov 26 16:52:03 CST 2025
🔁 Running git_update.sh at Thu Nov 27 00:51:57 CST 2025
🌐 Current ngrok URL: https://bac9f61682d6.ngrok-free.app
✅ Update complete at Thu Nov 27 00:52:04 CST 2025
🔁 Running git_update.sh at Thu Nov 27 08:51:56 CST 2025
🌐 Current ngrok URL: https://bac9f61682d6.ngrok-free.app
✅ Update complete at Thu Nov 27 08:52:02 CST 2025
🔁 Running git_update.sh at Thu Nov 27 16:51:57 CST 2025
🌐 Current ngrok URL: https://bac9f61682d6.ngrok-free.app
✅ Update complete at Thu Nov 27 16:52:03 CST 2025
🔁 Running git_update.sh at Fri Nov 28 00:51:56 CST 2025
🌐 Current ngrok URL: https://bac9f61682d6.ngrok-free.app
✅ Update complete at Fri Nov 28 00:51:58 CST 2025
🔁 Running git_update.sh at Fri Nov 28 08:51:56 CST 2025
🌐 Current ngrok URL: https://bac9f61682d6.ngrok-free.app
✅ Update complete at Fri Nov 28 08:52:00 CST 2025
🔁 Running git_update.sh at Fri Nov 28 16:51:56 CST 2025
🌐 Current ngrok URL: https://bac9f61682d6.ngrok-free.app
✅ Update complete at Fri Nov 28 16:52:00 CST 2025
🔁 Running git_update.sh at Fri Nov 28 21:59:19 CST 2025
🌐 Current ngrok URL: https://bac9f61682d6.ngrok-free.app
✅ Update complete at Fri Nov 28 21:59:22 CST 2025
▶️ Running create_table.py
Loaded Spotify creds: {'SPOTIFY_CLIENT_ID': 'c30f2b0a378d47dea592ba6ee5dcd6ca', 'SPOTIFY_CLIENT_SECRET': 'd857a06c3f514b20a9e9c229e6b2b78d', 'SPOTIFY_REDIRECT_URI': 'http://localhost:8888/callback', 'SPOTIFY_SCOPE': 'ugc-image-upload streaming user-read-playback-state user-modify-playback-state user-read-currently-playing user-read-private'}
Tables dropped successfully in taekook.db!
Tables created successfully in taekook.db!
▶️ Running insert_data.py
Loaded Spotify creds: {'SPOTIFY_CLIENT_ID': 'c30f2b0a378d47dea592ba6ee5dcd6ca', 'SPOTIFY_CLIENT_SECRET': 'd857a06c3f514b20a9e9c229e6b2b78d', 'SPOTIFY_REDIRECT_URI': 'http://localhost:8888/callback', 'SPOTIFY_SCOPE': 'ugc-image-upload streaming user-read-playback-state user-modify-playback-state user-read-currently-playing user-read-private'}
TKURadio table updated from Excel!
Background Music updated from Excel!
Upcoming Events updated from Excel!
Highlights Events updated from Excel!
Recap videos updated from Excel!
Memories updated from Excel!
InTheNews updated from Excel!
Discography updated from Excel!
Music Videos updated from Excel!
Vote data updated from Excel!
Radio stations data updated from Excel!
Spotify stats data updated from Excel!
Youtube stats data updated from Excel!
Shazam stats data updated from Excel!
Fanbases data updated from Excel!
Projects data updated from Excel!
Event updated from Excel!
Promotion data updated from Excel!
Banner data inserted successfully!
Products updated from Excel!
Fan Letters updated from Excel!
🔁 Running git_update.sh at Fri Nov 28 22:04:13 CST 2025
🌐 Current ngrok URL: https://bac9f61682d6.ngrok-free.app
✅ Update complete at Fri Nov 28 22:04:14 CST 2025
▶️ Running create_table.py
Loaded Spotify creds: {'SPOTIFY_CLIENT_ID': 'c30f2b0a378d47dea592ba6ee5dcd6ca', 'SPOTIFY_CLIENT_SECRET': 'd857a06c3f514b20a9e9c229e6b2b78d', 'SPOTIFY_REDIRECT_URI': 'http://localhost:8888/callback', 'SPOTIFY_SCOPE': 'ugc-image-upload streaming user-read-playback-state user-modify-playback-state user-read-currently-playing user-read-private'}
Tables dropped successfully in taekook.db!
Tables created successfully in taekook.db!
▶️ Running insert_data.py
Loaded Spotify creds: {'SPOTIFY_CLIENT_ID': 'c30f2b0a378d47dea592ba6ee5dcd6ca', 'SPOTIFY_CLIENT_SECRET': 'd857a06c3f514b20a9e9c229e6b2b78d', 'SPOTIFY_REDIRECT_URI': 'http://localhost:8888/callback', 'SPOTIFY_SCOPE': 'ugc-image-upload streaming user-read-playback-state user-modify-playback-state user-read-currently-playing user-read-private'}
TKURadio table updated from Excel!
Background Music updated from Excel!
Upcoming Events updated from Excel!
Highlights Events updated from Excel!
Recap videos updated from Excel!
Memories updated from Excel!
InTheNews updated from Excel!
Discography updated from Excel!
Music Videos updated from Excel!
Vote data updated from Excel!
Radio stations data updated from Excel!
Spotify stats data updated from Excel!
Youtube stats data updated from Excel!
Shazam stats data updated from Excel!
Fanbases data updated from Excel!
Projects data updated from Excel!
Event updated from Excel!
Promotion data updated from Excel!
Banner data inserted successfully!
Products updated from Excel!
Fan Letters updated from Excel!
🔁 Running git_update.sh at Sat Nov 29 00:52:02 CST 2025
🌐 Current ngrok URL: https://bac9f61682d6.ngrok-free.app
✅ Update complete at Sat Nov 29 00:52:05 CST 2025
▶️ Running create_table.py
Loaded Spotify creds: {'SPOTIFY_CLIENT_ID': 'c30f2b0a378d47dea592ba6ee5dcd6ca', 'SPOTIFY_CLIENT_SECRET': 'd857a06c3f514b20a9e9c229e6b2b78d', 'SPOTIFY_REDIRECT_URI': 'http://localhost:8888/callback', 'SPOTIFY_SCOPE': 'ugc-image-upload streaming user-read-playback-state user-modify-playback-state user-read-currently-playing user-read-private'}
Tables dropped successfully in taekook.db!
Tables created successfully in taekook.db!
▶️ Running insert_data.py
Loaded Spotify creds: {'SPOTIFY_CLIENT_ID': 'c30f2b0a378d47dea592ba6ee5dcd6ca', 'SPOTIFY_CLIENT_SECRET': 'd857a06c3f514b20a9e9c229e6b2b78d', 'SPOTIFY_REDIRECT_URI': 'http://localhost:8888/callback', 'SPOTIFY_SCOPE': 'ugc-image-upload streaming user-read-playback-state user-modify-playback-state user-read-currently-playing user-read-private'}
TKURadio table updated from Excel!
Background Music updated from Excel!
Upcoming Events updated from Excel!
Highlights Events updated from Excel!
Recap videos updated from Excel!
Memories updated from Excel!
InTheNews updated from Excel!
Discography updated from Excel!
Music Videos updated from Excel!
Vote data updated from Excel!
Radio stations data updated from Excel!
Spotify stats data updated from Excel!
Youtube stats data updated from Excel!
Shazam stats data updated from Excel!
Fanbases data updated from Excel!
Projects data updated from Excel!
Event updated from Excel!
Promotion data updated from Excel!
Banner data inserted successfully!
Products updated from Excel!
Fan Letters updated from Excel!
🔁 Running git_update.sh at Sat Nov 29 08:52:02 CST 2025
🌐 Current ngrok URL: https://bac9f61682d6.ngrok-free.app
✅ Update complete at Sat Nov 29 08:52:06 CST 2025
▶️ Running create_table.py
Loaded Spotify creds: {'SPOTIFY_CLIENT_ID': 'c30f2b0a378d47dea592ba6ee5dcd6ca', 'SPOTIFY_CLIENT_SECRET': 'd857a06c3f514b20a9e9c229e6b2b78d', 'SPOTIFY_REDIRECT_URI': 'http://localhost:8888/callback', 'SPOTIFY_SCOPE': 'ugc-image-upload streaming user-read-playback-state user-modify-playback-state user-read-currently-playing user-read-private'}
Tables dropped successfully in taekook.db!
Tables created successfully in taekook.db!
▶️ Running insert_data.py
Loaded Spotify creds: {'SPOTIFY_CLIENT_ID': 'c30f2b0a378d47dea592ba6ee5dcd6ca', 'SPOTIFY_CLIENT_SECRET': 'd857a06c3f514b20a9e9c229e6b2b78d', 'SPOTIFY_REDIRECT_URI': 'http://localhost:8888/callback', 'SPOTIFY_SCOPE': 'ugc-image-upload streaming user-read-playback-state user-modify-playback-state user-read-currently-playing user-read-private'}
TKURadio table updated from Excel!
Background Music updated from Excel!
Upcoming Events updated from Excel!
Highlights Events updated from Excel!
Recap videos updated from Excel!
Memories updated from Excel!
InTheNews updated from Excel!
Discography updated from Excel!
Music Videos updated from Excel!
Vote data updated from Excel!
Radio stations data updated from Excel!
Spotify stats data updated from Excel!
Youtube stats data updated from Excel!
Shazam stats data updated from Excel!
Fanbases data updated from Excel!
Projects data updated from Excel!
Event updated from Excel!
Promotion data updated from Excel!
Banner data inserted successfully!
Products updated from Excel!
Fan Letters updated from Excel!
🔁 Running git_update.sh at Sat Nov 29 16:52:02 CST 2025
🌐 Current ngrok URL: https://bac9f61682d6.ngrok-free.app
✅ Update complete at Sat Nov 29 16:52:06 CST 2025
▶️ Running create_table.py
Loaded Spotify creds: {'SPOTIFY_CLIENT_ID': 'c30f2b0a378d47dea592ba6ee5dcd6ca', 'SPOTIFY_CLIENT_SECRET': 'd857a06c3f514b20a9e9c229e6b2b78d', 'SPOTIFY_REDIRECT_URI': 'http://localhost:8888/callback', 'SPOTIFY_SCOPE': 'ugc-image-upload streaming user-read-playback-state user-modify-playback-state user-read-currently-playing user-read-private'}
Tables dropped successfully in taekook.db!
Tables created successfully in taekook.db!
▶️ Running insert_data.py
Loaded Spotify creds: {'SPOTIFY_CLIENT_ID': 'c30f2b0a378d47dea592ba6ee5dcd6ca', 'SPOTIFY_CLIENT_SECRET': 'd857a06c3f514b20a9e9c229e6b2b78d', 'SPOTIFY_REDIRECT_URI': 'http://localhost:8888/callback', 'SPOTIFY_SCOPE': 'ugc-image-upload streaming user-read-playback-state user-modify-playback-state user-read-currently-playing user-read-private'}
TKURadio table updated from Excel!
Background Music updated from Excel!
Upcoming Events updated from Excel!
Highlights Events updated from Excel!
Recap videos updated from Excel!
Memories updated from Excel!
InTheNews updated from Excel!
Discography updated from Excel!
Music Videos updated from Excel!
Vote data updated from Excel!
Radio stations data updated from Excel!
Spotify stats data updated from Excel!
Youtube stats data updated from Excel!
Shazam stats data updated from Excel!
Fanbases data updated from Excel!
Projects data updated from Excel!
Event updated from Excel!
Promotion data updated from Excel!
Banner data inserted successfully!
Products updated from Excel!
Fan Letters updated from Excel!
🔁 Running git_update.sh at Sun Nov 30 00:52:02 CST 2025
🌐 Current ngrok URL: https://bac9f61682d6.ngrok-free.app
✅ Update complete at Sun Nov 30 00:52:08 CST 2025
▶️ Running create_table.py
Loaded Spotify creds: {'SPOTIFY_CLIENT_ID': 'c30f2b0a378d47dea592ba6ee5dcd6ca', 'SPOTIFY_CLIENT_SECRET': 'd857a06c3f514b20a9e9c229e6b2b78d', 'SPOTIFY_REDIRECT_URI': 'http://localhost:8888/callback', 'SPOTIFY_SCOPE': 'ugc-image-upload streaming user-read-playback-state user-modify-playback-state user-read-currently-playing user-read-private'}
Tables dropped successfully in taekook.db!
Tables created successfully in taekook.db!
▶️ Running insert_data.py
Loaded Spotify creds: {'SPOTIFY_CLIENT_ID': 'c30f2b0a378d47dea592ba6ee5dcd6ca', 'SPOTIFY_CLIENT_SECRET': 'd857a06c3f514b20a9e9c229e6b2b78d', 'SPOTIFY_REDIRECT_URI': 'http://localhost:8888/callback', 'SPOTIFY_SCOPE': 'ugc-image-upload streaming user-read-playback-state user-modify-playback-state user-read-currently-playing user-read-private'}
TKURadio table updated from Excel!
Background Music updated from Excel!
Upcoming Events updated from Excel!
Highlights Events updated from Excel!
Recap videos updated from Excel!
Memories updated from Excel!
InTheNews updated from Excel!
Discography updated from Excel!
Music Videos updated from Excel!
Vote data updated from Excel!
Radio stations data updated from Excel!
Spotify stats data updated from Excel!
Youtube stats data updated from Excel!
Shazam stats data updated from Excel!
Fanbases data updated from Excel!
Projects data updated from Excel!
Event updated from Excel!
Promotion data updated from Excel!
Banner data inserted successfully!
Products updated from Excel!
Fan Letters updated from Excel!
🔁 Running git_update.sh at Sun Nov 30 08:52:05 CST 2025
🌐 Current ngrok URL: https://bac9f61682d6.ngrok-free.app
✅ Update complete at Sun Nov 30 08:52:09 CST 2025
▶️ Running create_table.py
Loaded Spotify creds: {'SPOTIFY_CLIENT_ID': 'c30f2b0a378d47dea592ba6ee5dcd6ca', 'SPOTIFY_CLIENT_SECRET': 'd857a06c3f514b20a9e9c229e6b2b78d', 'SPOTIFY_REDIRECT_URI': 'http://localhost:8888/callback', 'SPOTIFY_SCOPE': 'ugc-image-upload streaming user-read-playback-state user-modify-playback-state user-read-currently-playing user-read-private'}
Tables dropped successfully in taekook.db!
Tables created successfully in taekook.db!
▶️ Running insert_data.py
Loaded Spotify creds: {'SPOTIFY_CLIENT_ID': 'c30f2b0a378d47dea592ba6ee5dcd6ca', 'SPOTIFY_CLIENT_SECRET': 'd857a06c3f514b20a9e9c229e6b2b78d', 'SPOTIFY_REDIRECT_URI': 'http://localhost:8888/callback', 'SPOTIFY_SCOPE': 'ugc-image-upload streaming user-read-playback-state user-modify-playback-state user-read-currently-playing user-read-private'}
TKURadio table updated from Excel!
Background Music updated from Excel!
Upcoming Events updated from Excel!
Highlights Events updated from Excel!
Recap videos updated from Excel!
Memories updated from Excel!
InTheNews updated from Excel!
Discography updated from Excel!
Music Videos updated from Excel!
Vote data updated from Excel!
Radio stations data updated from Excel!
Spotify stats data updated from Excel!
Youtube stats data updated from Excel!
Shazam stats data updated from Excel!
Fanbases data updated from Excel!
Projects data updated from Excel!
Event updated from Excel!
Promotion data updated from Excel!
Banner data inserted successfully!
Products updated from Excel!
Fan Letters updated from Excel!
🔁 Running git_update.sh at Sun Nov 30 16:52:02 CST 2025
🌐 Current ngrok URL: https://bac9f61682d6.ngrok-free.app
✅ Update complete at Sun Nov 30 16:52:04 CST 2025
▶️ Running create_table.py
Loaded Spotify creds: {'SPOTIFY_CLIENT_ID': 'c30f2b0a378d47dea592ba6ee5dcd6ca', 'SPOTIFY_CLIENT_SECRET': 'd857a06c3f514b20a9e9c229e6b2b78d', 'SPOTIFY_REDIRECT_URI': 'http://localhost:8888/callback', 'SPOTIFY_SCOPE': 'ugc-image-upload streaming user-read-playback-state user-modify-playback-state user-read-currently-playing user-read-private'}
Tables dropped successfully in taekook.db!
Tables created successfully in taekook.db!
▶️ Running insert_data.py
Loaded Spotify creds: {'SPOTIFY_CLIENT_ID': 'c30f2b0a378d47dea592ba6ee5dcd6ca', 'SPOTIFY_CLIENT_SECRET': 'd857a06c3f514b20a9e9c229e6b2b78d', 'SPOTIFY_REDIRECT_URI': 'http://localhost:8888/callback', 'SPOTIFY_SCOPE': 'ugc-image-upload streaming user-read-playback-state user-modify-playback-state user-read-currently-playing user-read-private'}
TKURadio table updated from Excel!
Background Music updated from Excel!
Upcoming Events updated from Excel!
Highlights Events updated from Excel!
Recap videos updated from Excel!
Memories updated from Excel!
InTheNews updated from Excel!
Discography updated from Excel!
Music Videos updated from Excel!
Vote data updated from Excel!
Radio stations data updated from Excel!
Spotify stats data updated from Excel!
Youtube stats data updated from Excel!
Shazam stats data updated from Excel!
Fanbases data updated from Excel!
Projects data updated from Excel!
Event updated from Excel!
Promotion data updated from Excel!
Banner data inserted successfully!
Products updated from Excel!
Fan Letters updated from Excel!
🔁 Running git_update.sh at Mon Dec  1 00:52:01 CST 2025
🌐 Current ngrok URL: https://bac9f61682d6.ngrok-free.app
✅ Update complete at Mon Dec  1 00:52:06 CST 2025
▶️ Running create_table.py
Loaded Spotify creds: {'SPOTIFY_CLIENT_ID': 'c30f2b0a378d47dea592ba6ee5dcd6ca', 'SPOTIFY_CLIENT_SECRET': 'd857a06c3f514b20a9e9c229e6b2b78d', 'SPOTIFY_REDIRECT_URI': 'http://localhost:8888/callback', 'SPOTIFY_SCOPE': 'ugc-image-upload streaming user-read-playback-state user-modify-playback-state user-read-currently-playing user-read-private'}
Tables dropped successfully in taekook.db!
Tables created successfully in taekook.db!
▶️ Running insert_data.py
Loaded Spotify creds: {'SPOTIFY_CLIENT_ID': 'c30f2b0a378d47dea592ba6ee5dcd6ca', 'SPOTIFY_CLIENT_SECRET': 'd857a06c3f514b20a9e9c229e6b2b78d', 'SPOTIFY_REDIRECT_URI': 'http://localhost:8888/callback', 'SPOTIFY_SCOPE': 'ugc-image-upload streaming user-read-playback-state user-modify-playback-state user-read-currently-playing user-read-private'}
TKURadio table updated from Excel!
Background Music updated from Excel!
Upcoming Events updated from Excel!
Highlights Events updated from Excel!
Recap videos updated from Excel!
Memories updated from Excel!
InTheNews updated from Excel!
Discography updated from Excel!
Music Videos updated from Excel!
Vote data updated from Excel!
Radio stations data updated from Excel!
Spotify stats data updated from Excel!
Youtube stats data updated from Excel!
Shazam stats data updated from Excel!
Fanbases data updated from Excel!
Projects data updated from Excel!
Event updated from Excel!
Promotion data updated from Excel!
Banner data inserted successfully!
Products updated from Excel!
Fan Letters updated from Excel!
🔁 Running git_update.sh at Mon Dec  1 08:52:02 CST 2025
🌐 Current ngrok URL: https://bac9f61682d6.ngrok-free.app
✅ Update complete at Mon Dec  1 08:52:04 CST 2025
▶️ Running create_table.py
Loaded Spotify creds: {'SPOTIFY_CLIENT_ID': 'c30f2b0a378d47dea592ba6ee5dcd6ca', 'SPOTIFY_CLIENT_SECRET': 'd857a06c3f514b20a9e9c229e6b2b78d', 'SPOTIFY_REDIRECT_URI': 'http://localhost:8888/callback', 'SPOTIFY_SCOPE': 'ugc-image-upload streaming user-read-playback-state user-modify-playback-state user-read-currently-playing user-read-private'}
Tables dropped successfully in taekook.db!
Tables created successfully in taekook.db!
▶️ Running insert_data.py
Loaded Spotify creds: {'SPOTIFY_CLIENT_ID': 'c30f2b0a378d47dea592ba6ee5dcd6ca', 'SPOTIFY_CLIENT_SECRET': 'd857a06c3f514b20a9e9c229e6b2b78d', 'SPOTIFY_REDIRECT_URI': 'http://localhost:8888/callback', 'SPOTIFY_SCOPE': 'ugc-image-upload streaming user-read-playback-state user-modify-playback-state user-read-currently-playing user-read-private'}
TKURadio table updated from Excel!
Background Music updated from Excel!
Upcoming Events updated from Excel!
Highlights Events updated from Excel!
Recap videos updated from Excel!
Memories updated from Excel!
InTheNews updated from Excel!
Discography updated from Excel!
Music Videos updated from Excel!
Vote data updated from Excel!
Radio stations data updated from Excel!
Spotify stats data updated from Excel!
Youtube stats data updated from Excel!
Shazam stats data updated from Excel!
Fanbases data updated from Excel!
Projects data updated from Excel!
Event updated from Excel!
Promotion data updated from Excel!
Banner data inserted successfully!
Products updated from Excel!
Fan Letters updated from Excel!
🔁 Running git_update.sh at Mon Dec  1 16:52:07 CST 2025
🌐 Current ngrok URL: https://bac9f61682d6.ngrok-free.app
✅ Update complete at Mon Dec  1 16:52:11 CST 2025
▶️ Running create_table.py
Loaded Spotify creds: {'SPOTIFY_CLIENT_ID': 'c30f2b0a378d47dea592ba6ee5dcd6ca', 'SPOTIFY_CLIENT_SECRET': 'd857a06c3f514b20a9e9c229e6b2b78d', 'SPOTIFY_REDIRECT_URI': 'http://localhost:8888/callback', 'SPOTIFY_SCOPE': 'ugc-image-upload streaming user-read-playback-state user-modify-playback-state user-read-currently-playing user-read-private'}
Tables dropped successfully in taekook.db!
Tables created successfully in taekook.db!
▶️ Running insert_data.py
Loaded Spotify creds: {'SPOTIFY_CLIENT_ID': 'c30f2b0a378d47dea592ba6ee5dcd6ca', 'SPOTIFY_CLIENT_SECRET': 'd857a06c3f514b20a9e9c229e6b2b78d', 'SPOTIFY_REDIRECT_URI': 'http://localhost:8888/callback', 'SPOTIFY_SCOPE': 'ugc-image-upload streaming user-read-playback-state user-modify-playback-state user-read-currently-playing user-read-private'}
TKURadio table updated from Excel!
Background Music updated from Excel!
Upcoming Events updated from Excel!
Highlights Events updated from Excel!
Recap videos updated from Excel!
Memories updated from Excel!
InTheNews updated from Excel!
Discography updated from Excel!
Music Videos updated from Excel!
Vote data updated from Excel!
Radio stations data updated from Excel!
Spotify stats data updated from Excel!
Youtube stats data updated from Excel!
Shazam stats data updated from Excel!
Fanbases data updated from Excel!
Projects data updated from Excel!
Event updated from Excel!
Promotion data updated from Excel!
Banner data inserted successfully!
Products updated from Excel!
Fan Letters updated from Excel!
🔁 Running git_update.sh at Tue Dec  2 00:52:01 CST 2025
🌐 Current ngrok URL: https://bac9f61682d6.ngrok-free.app
✅ Update complete at Tue Dec  2 00:52:06 CST 2025
▶️ Running create_table.py
Loaded Spotify creds: {'SPOTIFY_CLIENT_ID': 'c30f2b0a378d47dea592ba6ee5dcd6ca', 'SPOTIFY_CLIENT_SECRET': 'd857a06c3f514b20a9e9c229e6b2b78d', 'SPOTIFY_REDIRECT_URI': 'http://localhost:8888/callback', 'SPOTIFY_SCOPE': 'ugc-image-upload streaming user-read-playback-state user-modify-playback-state user-read-currently-playing user-read-private'}
Tables dropped successfully in taekook.db!
Tables created successfully in taekook.db!
▶️ Running insert_data.py
Loaded Spotify creds: {'SPOTIFY_CLIENT_ID': 'c30f2b0a378d47dea592ba6ee5dcd6ca', 'SPOTIFY_CLIENT_SECRET': 'd857a06c3f514b20a9e9c229e6b2b78d', 'SPOTIFY_REDIRECT_URI': 'http://localhost:8888/callback', 'SPOTIFY_SCOPE': 'ugc-image-upload streaming user-read-playback-state user-modify-playback-state user-read-currently-playing user-read-private'}
TKURadio table updated from Excel!
Background Music updated from Excel!
Upcoming Events updated from Excel!
Highlights Events updated from Excel!
Recap videos updated from Excel!
Memories updated from Excel!
InTheNews updated from Excel!
Discography updated from Excel!
Music Videos updated from Excel!
Vote data updated from Excel!
Radio stations data updated from Excel!
Spotify stats data updated from Excel!
Youtube stats data updated from Excel!
Shazam stats data updated from Excel!
Fanbases data updated from Excel!
Projects data updated from Excel!
Event updated from Excel!
Promotion data updated from Excel!
Banner data inserted successfully!
Products updated from Excel!
Fan Letters updated from Excel!
🔁 Running git_update.sh at Tue Dec  2 08:52:02 CST 2025
🌐 Current ngrok URL: https://bac9f61682d6.ngrok-free.app
✅ Update complete at Tue Dec  2 08:52:06 CST 2025
▶️ Running create_table.py
Loaded Spotify creds: {'SPOTIFY_CLIENT_ID': 'c30f2b0a378d47dea592ba6ee5dcd6ca', 'SPOTIFY_CLIENT_SECRET': 'd857a06c3f514b20a9e9c229e6b2b78d', 'SPOTIFY_REDIRECT_URI': 'http://localhost:8888/callback', 'SPOTIFY_SCOPE': 'ugc-image-upload streaming user-read-playback-state user-modify-playback-state user-read-currently-playing user-read-private'}
Tables dropped successfully in taekook.db!
Tables created successfully in taekook.db!
▶️ Running insert_data.py
Loaded Spotify creds: {'SPOTIFY_CLIENT_ID': 'c30f2b0a378d47dea592ba6ee5dcd6ca', 'SPOTIFY_CLIENT_SECRET': 'd857a06c3f514b20a9e9c229e6b2b78d', 'SPOTIFY_REDIRECT_URI': 'http://localhost:8888/callback', 'SPOTIFY_SCOPE': 'ugc-image-upload streaming user-read-playback-state user-modify-playback-state user-read-currently-playing user-read-private'}
TKURadio table updated from Excel!
Background Music updated from Excel!
Upcoming Events updated from Excel!
Highlights Events updated from Excel!
Recap videos updated from Excel!
Memories updated from Excel!
InTheNews updated from Excel!
Discography updated from Excel!
Music Videos updated from Excel!
Vote data updated from Excel!
Radio stations data updated from Excel!
Spotify stats data updated from Excel!
Youtube stats data updated from Excel!
Shazam stats data updated from Excel!
Fanbases data updated from Excel!
Projects data updated from Excel!
Event updated from Excel!
Promotion data updated from Excel!
Banner data inserted successfully!
Products updated from Excel!
Fan Letters updated from Excel!
🔁 Running git_update.sh at Tue Dec  2 16:52:02 CST 2025
🌐 Current ngrok URL: https://bac9f61682d6.ngrok-free.app
✅ Update complete at Tue Dec  2 16:52:07 CST 2025
▶️ Running create_table.py
Loaded Spotify creds: {'SPOTIFY_CLIENT_ID': 'c30f2b0a378d47dea592ba6ee5dcd6ca', 'SPOTIFY_CLIENT_SECRET': 'd857a06c3f514b20a9e9c229e6b2b78d', 'SPOTIFY_REDIRECT_URI': 'http://localhost:8888/callback', 'SPOTIFY_SCOPE': 'ugc-image-upload streaming user-read-playback-state user-modify-playback-state user-read-currently-playing user-read-private'}
Tables dropped successfully in taekook.db!
Tables created successfully in taekook.db!
▶️ Running insert_data.py
Loaded Spotify creds: {'SPOTIFY_CLIENT_ID': 'c30f2b0a378d47dea592ba6ee5dcd6ca', 'SPOTIFY_CLIENT_SECRET': 'd857a06c3f514b20a9e9c229e6b2b78d', 'SPOTIFY_REDIRECT_URI': 'http://localhost:8888/callback', 'SPOTIFY_SCOPE': 'ugc-image-upload streaming user-read-playback-state user-modify-playback-state user-read-currently-playing user-read-private'}
TKURadio table updated from Excel!
Background Music updated from Excel!
Upcoming Events updated from Excel!
Highlights Events updated from Excel!
Recap videos updated from Excel!
Memories updated from Excel!
InTheNews updated from Excel!
Discography updated from Excel!
Music Videos updated from Excel!
Vote data updated from Excel!
Radio stations data updated from Excel!
Spotify stats data updated from Excel!
Youtube stats data updated from Excel!
Shazam stats data updated from Excel!
Fanbases data updated from Excel!
Projects data updated from Excel!
Event updated from Excel!
Promotion data updated from Excel!
Banner data inserted successfully!
Products updated from Excel!
Fan Letters updated from Excel!
🔁 Running git_update.sh at Wed Dec  3 00:52:04 CST 2025
🌐 Current ngrok URL: https://bac9f61682d6.ngrok-free.app
✅ Update complete at Wed Dec  3 00:52:09 CST 2025
▶️ Running create_table.py
Loaded Spotify creds: {'SPOTIFY_CLIENT_ID': 'c30f2b0a378d47dea592ba6ee5dcd6ca', 'SPOTIFY_CLIENT_SECRET': 'd857a06c3f514b20a9e9c229e6b2b78d', 'SPOTIFY_REDIRECT_URI': 'http://localhost:8888/callback', 'SPOTIFY_SCOPE': 'ugc-image-upload streaming user-read-playback-state user-modify-playback-state user-read-currently-playing user-read-private'}
Tables dropped successfully in taekook.db!
Tables created successfully in taekook.db!
▶️ Running insert_data.py
Loaded Spotify creds: {'SPOTIFY_CLIENT_ID': 'c30f2b0a378d47dea592ba6ee5dcd6ca', 'SPOTIFY_CLIENT_SECRET': 'd857a06c3f514b20a9e9c229e6b2b78d', 'SPOTIFY_REDIRECT_URI': 'http://localhost:8888/callback', 'SPOTIFY_SCOPE': 'ugc-image-upload streaming user-read-playback-state user-modify-playback-state user-read-currently-playing user-read-private'}
TKURadio table updated from Excel!
Background Music updated from Excel!
Upcoming Events updated from Excel!
Highlights Events updated from Excel!
Recap videos updated from Excel!
Memories updated from Excel!
InTheNews updated from Excel!
Discography updated from Excel!
Music Videos updated from Excel!
Vote data updated from Excel!
Radio stations data updated from Excel!
Spotify stats data updated from Excel!
Youtube stats data updated from Excel!
Shazam stats data updated from Excel!
Fanbases data updated from Excel!
Projects data updated from Excel!
Event updated from Excel!
Promotion data updated from Excel!
Banner data inserted successfully!
Products updated from Excel!
Fan Letters updated from Excel!
🔁 Running git_update.sh at Wed Dec  3 08:52:02 CST 2025
🌐 Current ngrok URL: https://bac9f61682d6.ngrok-free.app
✅ Update complete at Wed Dec  3 08:52:06 CST 2025
▶️ Running create_table.py
Loaded Spotify creds: {'SPOTIFY_CLIENT_ID': 'c30f2b0a378d47dea592ba6ee5dcd6ca', 'SPOTIFY_CLIENT_SECRET': 'd857a06c3f514b20a9e9c229e6b2b78d', 'SPOTIFY_REDIRECT_URI': 'http://localhost:8888/callback', 'SPOTIFY_SCOPE': 'ugc-image-upload streaming user-read-playback-state user-modify-playback-state user-read-currently-playing user-read-private'}
Tables dropped successfully in taekook.db!
Tables created successfully in taekook.db!
▶️ Running insert_data.py
Loaded Spotify creds: {'SPOTIFY_CLIENT_ID': 'c30f2b0a378d47dea592ba6ee5dcd6ca', 'SPOTIFY_CLIENT_SECRET': 'd857a06c3f514b20a9e9c229e6b2b78d', 'SPOTIFY_REDIRECT_URI': 'http://localhost:8888/callback', 'SPOTIFY_SCOPE': 'ugc-image-upload streaming user-read-playback-state user-modify-playback-state user-read-currently-playing user-read-private'}
TKURadio table updated from Excel!
Background Music updated from Excel!
Upcoming Events updated from Excel!
Highlights Events updated from Excel!
Recap videos updated from Excel!
Memories updated from Excel!
InTheNews updated from Excel!
Discography updated from Excel!
Music Videos updated from Excel!
Vote data updated from Excel!
Radio stations data updated from Excel!
Traceback (most recent call last):
  File "/opt/anaconda3/lib/python3.9/site-packages/sqlalchemy/engine/base.py", line 1812, in _execute_context
    context = constructor(
  File "/opt/anaconda3/lib/python3.9/site-packages/sqlalchemy/engine/default.py", line 1485, in _init_compiled
    l_param: List[Any] = [
  File "/opt/anaconda3/lib/python3.9/site-packages/sqlalchemy/engine/default.py", line 1487, in <listcomp>
    flattened_processors[key](compiled_params[key])
  File "/opt/anaconda3/lib/python3.9/site-packages/sqlalchemy/sql/sqltypes.py", line 2055, in process
    value = _strict_as_bool(value)
  File "/opt/anaconda3/lib/python3.9/site-packages/sqlalchemy/sql/sqltypes.py", line 2027, in _strict_as_bool
    raise TypeError("Not a boolean value: %r" % (value,))
TypeError: Not a boolean value: nan

The above exception was the direct cause of the following exception:

Traceback (most recent call last):
  File "/Users/haripriyakrishnan/Downloads/Python/taekookuniverse/insert_data.py", line 531, in <module>
    insert_data_from_excel()
  File "/Users/haripriyakrishnan/Downloads/Python/taekookuniverse/insert_data.py", line 275, in insert_data_from_excel
    existing = SpotifyStats.query.filter_by(
  File "/opt/anaconda3/lib/python3.9/site-packages/sqlalchemy/orm/query.py", line 2759, in first
    return self.limit(1)._iter().first()  # type: ignore
  File "/opt/anaconda3/lib/python3.9/site-packages/sqlalchemy/orm/query.py", line 2858, in _iter
    result: Union[ScalarResult[_T], Result[_T]] = self.session.execute(
  File "/opt/anaconda3/lib/python3.9/site-packages/sqlalchemy/orm/session.py", line 2365, in execute
    return self._execute_internal(
  File "/opt/anaconda3/lib/python3.9/site-packages/sqlalchemy/orm/session.py", line 2230, in _execute_internal
    ) = compile_state_cls.orm_pre_session_exec(
  File "/opt/anaconda3/lib/python3.9/site-packages/sqlalchemy/orm/context.py", line 577, in orm_pre_session_exec
    session._autoflush()
  File "/opt/anaconda3/lib/python3.9/site-packages/sqlalchemy/orm/session.py", line 3065, in _autoflush
    raise e.with_traceback(sys.exc_info()[2])
  File "/opt/anaconda3/lib/python3.9/site-packages/sqlalchemy/orm/session.py", line 3054, in _autoflush
    self.flush()
  File "/opt/anaconda3/lib/python3.9/site-packages/sqlalchemy/orm/session.py", line 4353, in flush
    self._flush(objects)
  File "/opt/anaconda3/lib/python3.9/site-packages/sqlalchemy/orm/session.py", line 4489, in _flush
    transaction.rollback(_capture_exception=True)
  File "/opt/anaconda3/lib/python3.9/site-packages/sqlalchemy/util/langhelpers.py", line 146, in __exit__
    raise exc_value.with_traceback(exc_tb)
  File "/opt/anaconda3/lib/python3.9/site-packages/sqlalchemy/orm/session.py", line 4449, in _flush
    flush_context.execute()
  File "/opt/anaconda3/lib/python3.9/site-packages/sqlalchemy/orm/unitofwork.py", line 466, in execute
    rec.execute(self)
  File "/opt/anaconda3/lib/python3.9/site-packages/sqlalchemy/orm/unitofwork.py", line 642, in execute
    util.preloaded.orm_persistence.save_obj(
  File "/opt/anaconda3/lib/python3.9/site-packages/sqlalchemy/orm/persistence.py", line 93, in save_obj
    _emit_insert_statements(
  File "/opt/anaconda3/lib/python3.9/site-packages/sqlalchemy/orm/persistence.py", line 1233, in _emit_insert_statements
    result = connection.execute(
  File "/opt/anaconda3/lib/python3.9/site-packages/sqlalchemy/engine/base.py", line 1416, in execute
    return meth(
  File "/opt/anaconda3/lib/python3.9/site-packages/sqlalchemy/sql/elements.py", line 523, in _execute_on_connection
    return connection._execute_clauseelement(
  File "/opt/anaconda3/lib/python3.9/site-packages/sqlalchemy/engine/base.py", line 1638, in _execute_clauseelement
    ret = self._execute_context(
  File "/opt/anaconda3/lib/python3.9/site-packages/sqlalchemy/engine/base.py", line 1818, in _execute_context
    self._handle_dbapi_exception(
  File "/opt/anaconda3/lib/python3.9/site-packages/sqlalchemy/engine/base.py", line 2352, in _handle_dbapi_exception
    raise sqlalchemy_exception.with_traceback(exc_info[2]) from e
  File "/opt/anaconda3/lib/python3.9/site-packages/sqlalchemy/engine/base.py", line 1812, in _execute_context
    context = constructor(
  File "/opt/anaconda3/lib/python3.9/site-packages/sqlalchemy/engine/default.py", line 1485, in _init_compiled
    l_param: List[Any] = [
  File "/opt/anaconda3/lib/python3.9/site-packages/sqlalchemy/engine/default.py", line 1487, in <listcomp>
    flattened_processors[key](compiled_params[key])
  File "/opt/anaconda3/lib/python3.9/site-packages/sqlalchemy/sql/sqltypes.py", line 2055, in process
    value = _strict_as_bool(value)
  File "/opt/anaconda3/lib/python3.9/site-packages/sqlalchemy/sql/sqltypes.py", line 2027, in _strict_as_bool
    raise TypeError("Not a boolean value: %r" % (value,))
sqlalchemy.exc.StatementError: (raised as a result of Query-invoked autoflush; consider using a session.no_autoflush block if this flush is occurring prematurely)
(builtins.TypeError) Not a boolean value: nan
[SQL: INSERT INTO spotify_stats (artist, image, orig_song_name, song_name, total_streams, popular, date) VALUES (?, ?, ?, ?, ?, ?, ?)]
[parameters: [{'song_name': 'Standing Next to You (The Remixes)', 'orig_song_name': nan, 'popular': nan, 'artist': nan, 'total_streams': '1,482,929', 'image': 'default_image.webp', 'date': '2025-12-03 16:42:51'}]]
🔁 Running git_update.sh at Wed Dec  3 16:52:03 CST 2025
🌐 Current ngrok URL: https://bac9f61682d6.ngrok-free.app
✅ Update complete at Wed Dec  3 16:52:10 CST 2025
▶️ Running create_table.py
Loaded Spotify creds: {'SPOTIFY_CLIENT_ID': 'c30f2b0a378d47dea592ba6ee5dcd6ca', 'SPOTIFY_CLIENT_SECRET': 'd857a06c3f514b20a9e9c229e6b2b78d', 'SPOTIFY_REDIRECT_URI': 'http://localhost:8888/callback', 'SPOTIFY_SCOPE': 'ugc-image-upload streaming user-read-playback-state user-modify-playback-state user-read-currently-playing user-read-private'}
Tables dropped successfully in taekook.db!
Tables created successfully in taekook.db!
▶️ Running insert_data.py
Loaded Spotify creds: {'SPOTIFY_CLIENT_ID': 'c30f2b0a378d47dea592ba6ee5dcd6ca', 'SPOTIFY_CLIENT_SECRET': 'd857a06c3f514b20a9e9c229e6b2b78d', 'SPOTIFY_REDIRECT_URI': 'http://localhost:8888/callback', 'SPOTIFY_SCOPE': 'ugc-image-upload streaming user-read-playback-state user-modify-playback-state user-read-currently-playing user-read-private'}
TKURadio table updated from Excel!
Background Music updated from Excel!
Upcoming Events updated from Excel!
Highlights Events updated from Excel!
Recap videos updated from Excel!
Memories updated from Excel!
InTheNews updated from Excel!
Discography updated from Excel!
Music Videos updated from Excel!
Vote data updated from Excel!
Radio stations data updated from Excel!
Spotify stats data updated from Excel!
Youtube stats data updated from Excel!
Shazam stats data updated from Excel!
Fanbases data updated from Excel!
Projects data updated from Excel!
Event updated from Excel!
Promotion data updated from Excel!
Banner data inserted successfully!
Products updated from Excel!
Fan Letters updated from Excel!
🔁 Running git_update.sh at Thu Dec  4 00:52:25 CST 2025
🌐 Current ngrok URL: https://bac9f61682d6.ngrok-free.app
✅ Update complete at Thu Dec  4 00:52:30 CST 2025
▶️ Running create_table.py
Loaded Spotify creds: {'SPOTIFY_CLIENT_ID': 'c30f2b0a378d47dea592ba6ee5dcd6ca', 'SPOTIFY_CLIENT_SECRET': 'd857a06c3f514b20a9e9c229e6b2b78d', 'SPOTIFY_REDIRECT_URI': 'http://localhost:8888/callback', 'SPOTIFY_SCOPE': 'ugc-image-upload streaming user-read-playback-state user-modify-playback-state user-read-currently-playing user-read-private'}
Tables dropped successfully in taekook.db!
Tables created successfully in taekook.db!
▶️ Running insert_data.py
Loaded Spotify creds: {'SPOTIFY_CLIENT_ID': 'c30f2b0a378d47dea592ba6ee5dcd6ca', 'SPOTIFY_CLIENT_SECRET': 'd857a06c3f514b20a9e9c229e6b2b78d', 'SPOTIFY_REDIRECT_URI': 'http://localhost:8888/callback', 'SPOTIFY_SCOPE': 'ugc-image-upload streaming user-read-playback-state user-modify-playback-state user-read-currently-playing user-read-private'}
TKURadio table updated from Excel!
Background Music updated from Excel!
Upcoming Events updated from Excel!
Highlights Events updated from Excel!
Recap videos updated from Excel!
Memories updated from Excel!
InTheNews updated from Excel!
Discography updated from Excel!
Music Videos updated from Excel!
Vote data updated from Excel!
Radio stations data updated from Excel!
Spotify stats data updated from Excel!
Youtube stats data updated from Excel!
Shazam stats data updated from Excel!
Fanbases data updated from Excel!
Projects data updated from Excel!
Event updated from Excel!
Promotion data updated from Excel!
Banner data inserted successfully!
Products updated from Excel!
Fan Letters updated from Excel!
🔁 Running git_update.sh at Thu Dec  4 08:52:02 CST 2025
🌐 Current ngrok URL: https://bac9f61682d6.ngrok-free.app
✅ Update complete at Thu Dec  4 08:52:07 CST 2025
▶️ Running create_table.py
Loaded Spotify creds: {'SPOTIFY_CLIENT_ID': 'c30f2b0a378d47dea592ba6ee5dcd6ca', 'SPOTIFY_CLIENT_SECRET': 'd857a06c3f514b20a9e9c229e6b2b78d', 'SPOTIFY_REDIRECT_URI': 'http://localhost:8888/callback', 'SPOTIFY_SCOPE': 'ugc-image-upload streaming user-read-playback-state user-modify-playback-state user-read-currently-playing user-read-private'}
Tables dropped successfully in taekook.db!
Tables created successfully in taekook.db!
▶️ Running insert_data.py
Loaded Spotify creds: {'SPOTIFY_CLIENT_ID': 'c30f2b0a378d47dea592ba6ee5dcd6ca', 'SPOTIFY_CLIENT_SECRET': 'd857a06c3f514b20a9e9c229e6b2b78d', 'SPOTIFY_REDIRECT_URI': 'http://localhost:8888/callback', 'SPOTIFY_SCOPE': 'ugc-image-upload streaming user-read-playback-state user-modify-playback-state user-read-currently-playing user-read-private'}
TKURadio table updated from Excel!
Background Music updated from Excel!
Upcoming Events updated from Excel!
Highlights Events updated from Excel!
Recap videos updated from Excel!
Memories updated from Excel!
InTheNews updated from Excel!
Discography updated from Excel!
Music Videos updated from Excel!
Vote data updated from Excel!
Radio stations data updated from Excel!
Spotify stats data updated from Excel!
Youtube stats data updated from Excel!
Shazam stats data updated from Excel!
Fanbases data updated from Excel!
Projects data updated from Excel!
Event updated from Excel!
Promotion data updated from Excel!
Banner data inserted successfully!
Products updated from Excel!
Fan Letters updated from Excel!
🔁 Running git_update.sh at Thu Dec  4 16:52:03 CST 2025
🌐 Current ngrok URL: https://bac9f61682d6.ngrok-free.app
✅ Update complete at Thu Dec  4 16:52:08 CST 2025
▶️ Running create_table.py
Loaded Spotify creds: {'SPOTIFY_CLIENT_ID': 'c30f2b0a378d47dea592ba6ee5dcd6ca', 'SPOTIFY_CLIENT_SECRET': 'd857a06c3f514b20a9e9c229e6b2b78d', 'SPOTIFY_REDIRECT_URI': 'http://localhost:8888/callback', 'SPOTIFY_SCOPE': 'ugc-image-upload streaming user-read-playback-state user-modify-playback-state user-read-currently-playing user-read-private'}
Tables dropped successfully in taekook.db!
Tables created successfully in taekook.db!
▶️ Running insert_data.py
Loaded Spotify creds: {'SPOTIFY_CLIENT_ID': 'c30f2b0a378d47dea592ba6ee5dcd6ca', 'SPOTIFY_CLIENT_SECRET': 'd857a06c3f514b20a9e9c229e6b2b78d', 'SPOTIFY_REDIRECT_URI': 'http://localhost:8888/callback', 'SPOTIFY_SCOPE': 'ugc-image-upload streaming user-read-playback-state user-modify-playback-state user-read-currently-playing user-read-private'}
TKURadio table updated from Excel!
Background Music updated from Excel!
Upcoming Events updated from Excel!
Highlights Events updated from Excel!
Recap videos updated from Excel!
Memories updated from Excel!
InTheNews updated from Excel!
Discography updated from Excel!
Music Videos updated from Excel!
Vote data updated from Excel!
Radio stations data updated from Excel!
Spotify stats data updated from Excel!
Youtube stats data updated from Excel!
Shazam stats data updated from Excel!
Fanbases data updated from Excel!
Projects data updated from Excel!
Event updated from Excel!
Promotion data updated from Excel!
Banner data inserted successfully!
Products updated from Excel!
Fan Letters updated from Excel!
🔁 Running git_update.sh at Fri Dec  5 00:52:04 CST 2025
🌐 Current ngrok URL: https://bac9f61682d6.ngrok-free.app
✅ Update complete at Fri Dec  5 00:52:11 CST 2025
▶️ Running create_table.py
Loaded Spotify creds: {'SPOTIFY_CLIENT_ID': 'c30f2b0a378d47dea592ba6ee5dcd6ca', 'SPOTIFY_CLIENT_SECRET': 'd857a06c3f514b20a9e9c229e6b2b78d', 'SPOTIFY_REDIRECT_URI': 'http://localhost:8888/callback', 'SPOTIFY_SCOPE': 'ugc-image-upload streaming user-read-playback-state user-modify-playback-state user-read-currently-playing user-read-private'}
Tables dropped successfully in taekook.db!
Tables created successfully in taekook.db!
▶️ Running insert_data.py
Loaded Spotify creds: {'SPOTIFY_CLIENT_ID': 'c30f2b0a378d47dea592ba6ee5dcd6ca', 'SPOTIFY_CLIENT_SECRET': 'd857a06c3f514b20a9e9c229e6b2b78d', 'SPOTIFY_REDIRECT_URI': 'http://localhost:8888/callback', 'SPOTIFY_SCOPE': 'ugc-image-upload streaming user-read-playback-state user-modify-playback-state user-read-currently-playing user-read-private'}
TKURadio table updated from Excel!
Background Music updated from Excel!
Upcoming Events updated from Excel!
Highlights Events updated from Excel!
Recap videos updated from Excel!
Memories updated from Excel!
InTheNews updated from Excel!
Discography updated from Excel!
Music Videos updated from Excel!
Vote data updated from Excel!
Radio stations data updated from Excel!
Spotify stats data updated from Excel!
Youtube stats data updated from Excel!
Shazam stats data updated from Excel!
Fanbases data updated from Excel!
Projects data updated from Excel!
Event updated from Excel!
Promotion data updated from Excel!
Banner data inserted successfully!
Products updated from Excel!
Fan Letters updated from Excel!
🔁 Running git_update.sh at Fri Dec  5 08:52:03 CST 2025
🌐 Current ngrok URL: https://bac9f61682d6.ngrok-free.app
✅ Update complete at Fri Dec  5 08:52:08 CST 2025
▶️ Running create_table.py
Loaded Spotify creds: {'SPOTIFY_CLIENT_ID': 'c30f2b0a378d47dea592ba6ee5dcd6ca', 'SPOTIFY_CLIENT_SECRET': 'd857a06c3f514b20a9e9c229e6b2b78d', 'SPOTIFY_REDIRECT_URI': 'http://localhost:8888/callback', 'SPOTIFY_SCOPE': 'ugc-image-upload streaming user-read-playback-state user-modify-playback-state user-read-currently-playing user-read-private'}
Tables dropped successfully in taekook.db!
Tables created successfully in taekook.db!
▶️ Running insert_data.py
Loaded Spotify creds: {'SPOTIFY_CLIENT_ID': 'c30f2b0a378d47dea592ba6ee5dcd6ca', 'SPOTIFY_CLIENT_SECRET': 'd857a06c3f514b20a9e9c229e6b2b78d', 'SPOTIFY_REDIRECT_URI': 'http://localhost:8888/callback', 'SPOTIFY_SCOPE': 'ugc-image-upload streaming user-read-playback-state user-modify-playback-state user-read-currently-playing user-read-private'}
TKURadio table updated from Excel!
Background Music updated from Excel!
Upcoming Events updated from Excel!
Highlights Events updated from Excel!
Recap videos updated from Excel!
Memories updated from Excel!
InTheNews updated from Excel!
Discography updated from Excel!
Music Videos updated from Excel!
Vote data updated from Excel!
Radio stations data updated from Excel!
Spotify stats data updated from Excel!
Youtube stats data updated from Excel!
Shazam stats data updated from Excel!
Fanbases data updated from Excel!
Projects data updated from Excel!
Event updated from Excel!
Promotion data updated from Excel!
Banner data inserted successfully!
Products updated from Excel!
Fan Letters updated from Excel!
🔁 Running git_update.sh at Fri Dec  5 16:52:29 CST 2025
🌐 Current ngrok URL: https://bac9f61682d6.ngrok-free.app
✅ Update complete at Fri Dec  5 16:52:34 CST 2025
▶️ Running create_table.py
Loaded Spotify creds: {'SPOTIFY_CLIENT_ID': 'c30f2b0a378d47dea592ba6ee5dcd6ca', 'SPOTIFY_CLIENT_SECRET': 'd857a06c3f514b20a9e9c229e6b2b78d', 'SPOTIFY_REDIRECT_URI': 'http://localhost:8888/callback', 'SPOTIFY_SCOPE': 'ugc-image-upload streaming user-read-playback-state user-modify-playback-state user-read-currently-playing user-read-private'}
Tables dropped successfully in taekook.db!
Tables created successfully in taekook.db!
▶️ Running insert_data.py
Loaded Spotify creds: {'SPOTIFY_CLIENT_ID': 'c30f2b0a378d47dea592ba6ee5dcd6ca', 'SPOTIFY_CLIENT_SECRET': 'd857a06c3f514b20a9e9c229e6b2b78d', 'SPOTIFY_REDIRECT_URI': 'http://localhost:8888/callback', 'SPOTIFY_SCOPE': 'ugc-image-upload streaming user-read-playback-state user-modify-playback-state user-read-currently-playing user-read-private'}
TKURadio table updated from Excel!
Background Music updated from Excel!
Upcoming Events updated from Excel!
Highlights Events updated from Excel!
Recap videos updated from Excel!
Memories updated from Excel!
InTheNews updated from Excel!
Discography updated from Excel!
Music Videos updated from Excel!
Vote data updated from Excel!
Radio stations data updated from Excel!
Spotify stats data updated from Excel!
Youtube stats data updated from Excel!
Shazam stats data updated from Excel!
Fanbases data updated from Excel!
Projects data updated from Excel!
Event updated from Excel!
Promotion data updated from Excel!
Banner data inserted successfully!
Products updated from Excel!
Fan Letters updated from Excel!
🔁 Running git_update.sh at Sat Dec  6 00:52:05 CST 2025
🌐 Current ngrok URL: https://bac9f61682d6.ngrok-free.app
✅ Update complete at Sat Dec  6 00:52:11 CST 2025
▶️ Running create_table.py
Loaded Spotify creds: {'SPOTIFY_CLIENT_ID': 'c30f2b0a378d47dea592ba6ee5dcd6ca', 'SPOTIFY_CLIENT_SECRET': 'd857a06c3f514b20a9e9c229e6b2b78d', 'SPOTIFY_REDIRECT_URI': 'http://localhost:8888/callback', 'SPOTIFY_SCOPE': 'ugc-image-upload streaming user-read-playback-state user-modify-playback-state user-read-currently-playing user-read-private'}
Tables dropped successfully in taekook.db!
Tables created successfully in taekook.db!
▶️ Running insert_data.py
Loaded Spotify creds: {'SPOTIFY_CLIENT_ID': 'c30f2b0a378d47dea592ba6ee5dcd6ca', 'SPOTIFY_CLIENT_SECRET': 'd857a06c3f514b20a9e9c229e6b2b78d', 'SPOTIFY_REDIRECT_URI': 'http://localhost:8888/callback', 'SPOTIFY_SCOPE': 'ugc-image-upload streaming user-read-playback-state user-modify-playback-state user-read-currently-playing user-read-private'}
TKURadio table updated from Excel!
Background Music updated from Excel!
Upcoming Events updated from Excel!
Highlights Events updated from Excel!
Recap videos updated from Excel!
Memories updated from Excel!
InTheNews updated from Excel!
Discography updated from Excel!
Music Videos updated from Excel!
Vote data updated from Excel!
Radio stations data updated from Excel!
Spotify stats data updated from Excel!
Youtube stats data updated from Excel!
Shazam stats data updated from Excel!
Fanbases data updated from Excel!
Projects data updated from Excel!
Event updated from Excel!
Promotion data updated from Excel!
Banner data inserted successfully!
Products updated from Excel!
Fan Letters updated from Excel!
🔁 Running git_update.sh at Sat Dec  6 08:52:25 CST 2025
🌐 Current ngrok URL: https://bac9f61682d6.ngrok-free.app
✅ Update complete at Sat Dec  6 08:52:30 CST 2025
▶️ Running create_table.py
Loaded Spotify creds: {'SPOTIFY_CLIENT_ID': 'c30f2b0a378d47dea592ba6ee5dcd6ca', 'SPOTIFY_CLIENT_SECRET': 'd857a06c3f514b20a9e9c229e6b2b78d', 'SPOTIFY_REDIRECT_URI': 'http://localhost:8888/callback', 'SPOTIFY_SCOPE': 'ugc-image-upload streaming user-read-playback-state user-modify-playback-state user-read-currently-playing user-read-private'}
Tables dropped successfully in taekook.db!
Tables created successfully in taekook.db!
▶️ Running insert_data.py
Loaded Spotify creds: {'SPOTIFY_CLIENT_ID': 'c30f2b0a378d47dea592ba6ee5dcd6ca', 'SPOTIFY_CLIENT_SECRET': 'd857a06c3f514b20a9e9c229e6b2b78d', 'SPOTIFY_REDIRECT_URI': 'http://localhost:8888/callback', 'SPOTIFY_SCOPE': 'ugc-image-upload streaming user-read-playback-state user-modify-playback-state user-read-currently-playing user-read-private'}
TKURadio table updated from Excel!
Background Music updated from Excel!
Upcoming Events updated from Excel!
Highlights Events updated from Excel!
Recap videos updated from Excel!
Memories updated from Excel!
InTheNews updated from Excel!
Discography updated from Excel!
Music Videos updated from Excel!
Vote data updated from Excel!
Radio stations data updated from Excel!
Spotify stats data updated from Excel!
Youtube stats data updated from Excel!
Shazam stats data updated from Excel!
Fanbases data updated from Excel!
Projects data updated from Excel!
Event updated from Excel!
Promotion data updated from Excel!
Banner data inserted successfully!
Products updated from Excel!
Fan Letters updated from Excel!
🔁 Running git_update.sh at Sat Dec  6 16:52:25 CST 2025
🌐 Current ngrok URL: https://bac9f61682d6.ngrok-free.app
✅ Update complete at Sat Dec  6 16:52:30 CST 2025
▶️ Running create_table.py
Loaded Spotify creds: {'SPOTIFY_CLIENT_ID': 'c30f2b0a378d47dea592ba6ee5dcd6ca', 'SPOTIFY_CLIENT_SECRET': 'd857a06c3f514b20a9e9c229e6b2b78d', 'SPOTIFY_REDIRECT_URI': 'http://localhost:8888/callback', 'SPOTIFY_SCOPE': 'ugc-image-upload streaming user-read-playback-state user-modify-playback-state user-read-currently-playing user-read-private'}
Tables dropped successfully in taekook.db!
Tables created successfully in taekook.db!
▶️ Running insert_data.py
Loaded Spotify creds: {'SPOTIFY_CLIENT_ID': 'c30f2b0a378d47dea592ba6ee5dcd6ca', 'SPOTIFY_CLIENT_SECRET': 'd857a06c3f514b20a9e9c229e6b2b78d', 'SPOTIFY_REDIRECT_URI': 'http://localhost:8888/callback', 'SPOTIFY_SCOPE': 'ugc-image-upload streaming user-read-playback-state user-modify-playback-state user-read-currently-playing user-read-private'}
TKURadio table updated from Excel!
Background Music updated from Excel!
Upcoming Events updated from Excel!
Highlights Events updated from Excel!
Recap videos updated from Excel!
Memories updated from Excel!
InTheNews updated from Excel!
Discography updated from Excel!
Music Videos updated from Excel!
Vote data updated from Excel!
Radio stations data updated from Excel!
Spotify stats data updated from Excel!
Youtube stats data updated from Excel!
Shazam stats data updated from Excel!
Fanbases data updated from Excel!
Projects data updated from Excel!
Event updated from Excel!
Promotion data updated from Excel!
Banner data inserted successfully!
Products updated from Excel!
Fan Letters updated from Excel!
🔁 Running git_update.sh at Sun Dec  7 00:52:23 CST 2025
🌐 Current ngrok URL: https://bac9f61682d6.ngrok-free.app
✅ Update complete at Sun Dec  7 00:52:35 CST 2025
▶️ Running create_table.py
Loaded Spotify creds: {'SPOTIFY_CLIENT_ID': 'c30f2b0a378d47dea592ba6ee5dcd6ca', 'SPOTIFY_CLIENT_SECRET': 'd857a06c3f514b20a9e9c229e6b2b78d', 'SPOTIFY_REDIRECT_URI': 'http://localhost:8888/callback', 'SPOTIFY_SCOPE': 'ugc-image-upload streaming user-read-playback-state user-modify-playback-state user-read-currently-playing user-read-private'}
Tables dropped successfully in taekook.db!
Tables created successfully in taekook.db!
▶️ Running insert_data.py
Loaded Spotify creds: {'SPOTIFY_CLIENT_ID': 'c30f2b0a378d47dea592ba6ee5dcd6ca', 'SPOTIFY_CLIENT_SECRET': 'd857a06c3f514b20a9e9c229e6b2b78d', 'SPOTIFY_REDIRECT_URI': 'http://localhost:8888/callback', 'SPOTIFY_SCOPE': 'ugc-image-upload streaming user-read-playback-state user-modify-playback-state user-read-currently-playing user-read-private'}
TKURadio table updated from Excel!
Background Music updated from Excel!
Upcoming Events updated from Excel!
Highlights Events updated from Excel!
Recap videos updated from Excel!
Memories updated from Excel!
InTheNews updated from Excel!
Discography updated from Excel!
Music Videos updated from Excel!
Vote data updated from Excel!
Radio stations data updated from Excel!
Spotify stats data updated from Excel!
Youtube stats data updated from Excel!
Shazam stats data updated from Excel!
Fanbases data updated from Excel!
Projects data updated from Excel!
Event updated from Excel!
Promotion data updated from Excel!
Banner data inserted successfully!
Products updated from Excel!
Fan Letters updated from Excel!
🔁 Running git_update.sh at Sun Dec  7 08:52:23 CST 2025
🌐 Current ngrok URL: https://bac9f61682d6.ngrok-free.app
✅ Update complete at Sun Dec  7 08:52:27 CST 2025
▶️ Running create_table.py
Loaded Spotify creds: {'SPOTIFY_CLIENT_ID': 'c30f2b0a378d47dea592ba6ee5dcd6ca', 'SPOTIFY_CLIENT_SECRET': 'd857a06c3f514b20a9e9c229e6b2b78d', 'SPOTIFY_REDIRECT_URI': 'http://localhost:8888/callback', 'SPOTIFY_SCOPE': 'ugc-image-upload streaming user-read-playback-state user-modify-playback-state user-read-currently-playing user-read-private'}
Tables dropped successfully in taekook.db!
Tables created successfully in taekook.db!
▶️ Running insert_data.py
Loaded Spotify creds: {'SPOTIFY_CLIENT_ID': 'c30f2b0a378d47dea592ba6ee5dcd6ca', 'SPOTIFY_CLIENT_SECRET': 'd857a06c3f514b20a9e9c229e6b2b78d', 'SPOTIFY_REDIRECT_URI': 'http://localhost:8888/callback', 'SPOTIFY_SCOPE': 'ugc-image-upload streaming user-read-playback-state user-modify-playback-state user-read-currently-playing user-read-private'}
TKURadio table updated from Excel!
Background Music updated from Excel!
Upcoming Events updated from Excel!
Highlights Events updated from Excel!
Recap videos updated from Excel!
Memories updated from Excel!
InTheNews updated from Excel!
Discography updated from Excel!
Music Videos updated from Excel!
Vote data updated from Excel!
Radio stations data updated from Excel!
Spotify stats data updated from Excel!
Youtube stats data updated from Excel!
Shazam stats data updated from Excel!
Fanbases data updated from Excel!
Projects data updated from Excel!
Event updated from Excel!
Promotion data updated from Excel!
Banner data inserted successfully!
Products updated from Excel!
Fan Letters updated from Excel!
🔁 Running git_update.sh at Thu Jan 15 16:56:39 CST 2026
🌐 Current ngrok URL: https://022b3c6b4b9e.ngrok-free.app
✅ Update complete at Thu Jan 15 16:58:29 CST 2026
▶️ Running create_table.py
Loaded Spotify creds: {'SPOTIFY_CLIENT_ID': 'c30f2b0a378d47dea592ba6ee5dcd6ca', 'SPOTIFY_CLIENT_SECRET': 'd857a06c3f514b20a9e9c229e6b2b78d', 'SPOTIFY_REDIRECT_URI': 'http://localhost:8888/callback', 'SPOTIFY_SCOPE': 'ugc-image-upload streaming user-read-playback-state user-modify-playback-state user-read-currently-playing user-read-private'}
Tables dropped successfully in taekook.db!
Tables created successfully in taekook.db!
▶️ Running insert_data.py
Loaded Spotify creds: {'SPOTIFY_CLIENT_ID': 'c30f2b0a378d47dea592ba6ee5dcd6ca', 'SPOTIFY_CLIENT_SECRET': 'd857a06c3f514b20a9e9c229e6b2b78d', 'SPOTIFY_REDIRECT_URI': 'http://localhost:8888/callback', 'SPOTIFY_SCOPE': 'ugc-image-upload streaming user-read-playback-state user-modify-playback-state user-read-currently-playing user-read-private'}
TKURadio table updated from Excel!
Background Music updated from Excel!
Upcoming Events updated from Excel!
Highlights Events updated from Excel!
Recap videos updated from Excel!
Memories updated from Excel!
InTheNews updated from Excel!
Discography updated from Excel!
Music Videos updated from Excel!
Vote data updated from Excel!
Radio stations data updated from Excel!
Spotify stats data updated from Excel!
Youtube stats data updated from Excel!
Shazam stats data updated from Excel!
Fanbases data updated from Excel!
Projects data updated from Excel!
Event updated from Excel!
Promotion data updated from Excel!
Banner data inserted successfully!
Products updated from Excel!
Fan Letters updated from Excel!
🔁 Running git_update.sh at Fri Jan 16 00:52:11 CST 2026
🌐 Current ngrok URL: https://022b3c6b4b9e.ngrok-free.app
✅ Update complete at Fri Jan 16 00:52:15 CST 2026
▶️ Running create_table.py
Loaded Spotify creds: {'SPOTIFY_CLIENT_ID': 'c30f2b0a378d47dea592ba6ee5dcd6ca', 'SPOTIFY_CLIENT_SECRET': 'd857a06c3f514b20a9e9c229e6b2b78d', 'SPOTIFY_REDIRECT_URI': 'http://localhost:8888/callback', 'SPOTIFY_SCOPE': 'ugc-image-upload streaming user-read-playback-state user-modify-playback-state user-read-currently-playing user-read-private'}
Tables dropped successfully in taekook.db!
Tables created successfully in taekook.db!
▶️ Running insert_data.py
Loaded Spotify creds: {'SPOTIFY_CLIENT_ID': 'c30f2b0a378d47dea592ba6ee5dcd6ca', 'SPOTIFY_CLIENT_SECRET': 'd857a06c3f514b20a9e9c229e6b2b78d', 'SPOTIFY_REDIRECT_URI': 'http://localhost:8888/callback', 'SPOTIFY_SCOPE': 'ugc-image-upload streaming user-read-playback-state user-modify-playback-state user-read-currently-playing user-read-private'}
TKURadio table updated from Excel!
Background Music updated from Excel!
Upcoming Events updated from Excel!
Highlights Events updated from Excel!
Recap videos updated from Excel!
Memories updated from Excel!
InTheNews updated from Excel!
Discography updated from Excel!
Music Videos updated from Excel!
Vote data updated from Excel!
Radio stations data updated from Excel!
Spotify stats data updated from Excel!
Youtube stats data updated from Excel!
Shazam stats data updated from Excel!
Fanbases data updated from Excel!
Projects data updated from Excel!
Event updated from Excel!
Promotion data updated from Excel!
Banner data inserted successfully!
Products updated from Excel!
Fan Letters updated from Excel!
🔁 Running git_update.sh at Fri Jan 16 08:52:38 CST 2026
🌐 Current ngrok URL: https://022b3c6b4b9e.ngrok-free.app
✅ Update complete at Fri Jan 16 08:52:46 CST 2026
▶️ Running create_table.py
Loaded Spotify creds: {'SPOTIFY_CLIENT_ID': 'c30f2b0a378d47dea592ba6ee5dcd6ca', 'SPOTIFY_CLIENT_SECRET': 'd857a06c3f514b20a9e9c229e6b2b78d', 'SPOTIFY_REDIRECT_URI': 'http://localhost:8888/callback', 'SPOTIFY_SCOPE': 'ugc-image-upload streaming user-read-playback-state user-modify-playback-state user-read-currently-playing user-read-private'}
Tables dropped successfully in taekook.db!
Tables created successfully in taekook.db!
▶️ Running insert_data.py
Loaded Spotify creds: {'SPOTIFY_CLIENT_ID': 'c30f2b0a378d47dea592ba6ee5dcd6ca', 'SPOTIFY_CLIENT_SECRET': 'd857a06c3f514b20a9e9c229e6b2b78d', 'SPOTIFY_REDIRECT_URI': 'http://localhost:8888/callback', 'SPOTIFY_SCOPE': 'ugc-image-upload streaming user-read-playback-state user-modify-playback-state user-read-currently-playing user-read-private'}
TKURadio table updated from Excel!
Background Music updated from Excel!
Upcoming Events updated from Excel!
Highlights Events updated from Excel!
Recap videos updated from Excel!
Memories updated from Excel!
InTheNews updated from Excel!
Discography updated from Excel!
Music Videos updated from Excel!
Vote data updated from Excel!
Radio stations data updated from Excel!
Traceback (most recent call last):
  File "/Users/haripriyakrishnan/Downloads/Python/taekookuniverse/insert_data.py", line 531, in <module>
    insert_data_from_excel()
  File "/Users/haripriyakrishnan/Downloads/Python/taekookuniverse/insert_data.py", line 258, in insert_data_from_excel
    spotify_df = pd.read_excel(excel_file, sheet_name="spotifystats", dtype={'image': str})
  File "/opt/anaconda3/lib/python3.9/site-packages/pandas/util/_decorators.py", line 211, in wrapper
    return func(*args, **kwargs)
  File "/opt/anaconda3/lib/python3.9/site-packages/pandas/util/_decorators.py", line 331, in wrapper
    return func(*args, **kwargs)
  File "/opt/anaconda3/lib/python3.9/site-packages/pandas/io/excel/_base.py", line 482, in read_excel
    io = ExcelFile(io, storage_options=storage_options, engine=engine)
  File "/opt/anaconda3/lib/python3.9/site-packages/pandas/io/excel/_base.py", line 1652, in __init__
    ext = inspect_excel_format(
  File "/opt/anaconda3/lib/python3.9/site-packages/pandas/io/excel/_base.py", line 1543, in inspect_excel_format
    with zipfile.ZipFile(stream) as zf:
  File "/opt/anaconda3/lib/python3.9/zipfile.py", line 1257, in __init__
    self._RealGetContents()
  File "/opt/anaconda3/lib/python3.9/zipfile.py", line 1324, in _RealGetContents
    raise BadZipFile("File is not a zip file")
zipfile.BadZipFile: File is not a zip file
🔁 Running git_update.sh at Fri Jan 16 16:55:45 CST 2026
🌐 Current ngrok URL: https://022b3c6b4b9e.ngrok-free.app
✅ Update complete at Fri Jan 16 16:56:26 CST 2026
▶️ Running create_table.py
Loaded Spotify creds: {'SPOTIFY_CLIENT_ID': 'c30f2b0a378d47dea592ba6ee5dcd6ca', 'SPOTIFY_CLIENT_SECRET': 'd857a06c3f514b20a9e9c229e6b2b78d', 'SPOTIFY_REDIRECT_URI': 'http://localhost:8888/callback', 'SPOTIFY_SCOPE': 'ugc-image-upload streaming user-read-playback-state user-modify-playback-state user-read-currently-playing user-read-private'}
Tables dropped successfully in taekook.db!
Tables created successfully in taekook.db!
▶️ Running insert_data.py
Loaded Spotify creds: {'SPOTIFY_CLIENT_ID': 'c30f2b0a378d47dea592ba6ee5dcd6ca', 'SPOTIFY_CLIENT_SECRET': 'd857a06c3f514b20a9e9c229e6b2b78d', 'SPOTIFY_REDIRECT_URI': 'http://localhost:8888/callback', 'SPOTIFY_SCOPE': 'ugc-image-upload streaming user-read-playback-state user-modify-playback-state user-read-currently-playing user-read-private'}
TKURadio table updated from Excel!
Background Music updated from Excel!
Upcoming Events updated from Excel!
Highlights Events updated from Excel!
Recap videos updated from Excel!
Memories updated from Excel!
InTheNews updated from Excel!
Discography updated from Excel!
Music Videos updated from Excel!
Vote data updated from Excel!
Radio stations data updated from Excel!
Spotify stats data updated from Excel!
Youtube stats data updated from Excel!
Shazam stats data updated from Excel!
Fanbases data updated from Excel!
Projects data updated from Excel!
Event updated from Excel!
Promotion data updated from Excel!
Banner data inserted successfully!
Products updated from Excel!
Fan Letters updated from Excel!
🔁 Running git_update.sh at Sat Jan 17 00:54:22 CST 2026
🌐 Current ngrok URL: https://022b3c6b4b9e.ngrok-free.app
✅ Update complete at Sat Jan 17 00:54:38 CST 2026
▶️ Running create_table.py
Loaded Spotify creds: {'SPOTIFY_CLIENT_ID': 'c30f2b0a378d47dea592ba6ee5dcd6ca', 'SPOTIFY_CLIENT_SECRET': 'd857a06c3f514b20a9e9c229e6b2b78d', 'SPOTIFY_REDIRECT_URI': 'http://localhost:8888/callback', 'SPOTIFY_SCOPE': 'ugc-image-upload streaming user-read-playback-state user-modify-playback-state user-read-currently-playing user-read-private'}
Tables dropped successfully in taekook.db!
Tables created successfully in taekook.db!
▶️ Running insert_data.py
Loaded Spotify creds: {'SPOTIFY_CLIENT_ID': 'c30f2b0a378d47dea592ba6ee5dcd6ca', 'SPOTIFY_CLIENT_SECRET': 'd857a06c3f514b20a9e9c229e6b2b78d', 'SPOTIFY_REDIRECT_URI': 'http://localhost:8888/callback', 'SPOTIFY_SCOPE': 'ugc-image-upload streaming user-read-playback-state user-modify-playback-state user-read-currently-playing user-read-private'}
TKURadio table updated from Excel!
Background Music updated from Excel!
Upcoming Events updated from Excel!
Highlights Events updated from Excel!
Recap videos updated from Excel!
Memories updated from Excel!
InTheNews updated from Excel!
Discography updated from Excel!
Music Videos updated from Excel!
Vote data updated from Excel!
Radio stations data updated from Excel!
Spotify stats data updated from Excel!
Youtube stats data updated from Excel!
Shazam stats data updated from Excel!
Fanbases data updated from Excel!
Projects data updated from Excel!
Event updated from Excel!
Promotion data updated from Excel!
Banner data inserted successfully!
Products updated from Excel!
Fan Letters updated from Excel!
🔁 Running git_update.sh at Sat Jan 17 08:54:11 CST 2026
🌐 Current ngrok URL: https://022b3c6b4b9e.ngrok-free.app
✅ Update complete at Sat Jan 17 08:54:19 CST 2026
▶️ Running create_table.py
Loaded Spotify creds: {'SPOTIFY_CLIENT_ID': 'c30f2b0a378d47dea592ba6ee5dcd6ca', 'SPOTIFY_CLIENT_SECRET': 'd857a06c3f514b20a9e9c229e6b2b78d', 'SPOTIFY_REDIRECT_URI': 'http://localhost:8888/callback', 'SPOTIFY_SCOPE': 'ugc-image-upload streaming user-read-playback-state user-modify-playback-state user-read-currently-playing user-read-private'}
Tables dropped successfully in taekook.db!
Tables created successfully in taekook.db!
▶️ Running insert_data.py
Loaded Spotify creds: {'SPOTIFY_CLIENT_ID': 'c30f2b0a378d47dea592ba6ee5dcd6ca', 'SPOTIFY_CLIENT_SECRET': 'd857a06c3f514b20a9e9c229e6b2b78d', 'SPOTIFY_REDIRECT_URI': 'http://localhost:8888/callback', 'SPOTIFY_SCOPE': 'ugc-image-upload streaming user-read-playback-state user-modify-playback-state user-read-currently-playing user-read-private'}
Traceback (most recent call last):
  File "/Users/haripriyakrishnan/Downloads/Python/taekookuniverse/insert_data.py", line 531, in <module>
    insert_data_from_excel()
  File "/Users/haripriyakrishnan/Downloads/Python/taekookuniverse/insert_data.py", line 11, in insert_data_from_excel
    radio_df = pd.read_excel(excel_file, sheet_name="TKURadio")  # Sheet with radio data
  File "/opt/anaconda3/lib/python3.9/site-packages/pandas/util/_decorators.py", line 211, in wrapper
    return func(*args, **kwargs)
  File "/opt/anaconda3/lib/python3.9/site-packages/pandas/util/_decorators.py", line 331, in wrapper
    return func(*args, **kwargs)
  File "/opt/anaconda3/lib/python3.9/site-packages/pandas/io/excel/_base.py", line 482, in read_excel
    io = ExcelFile(io, storage_options=storage_options, engine=engine)
  File "/opt/anaconda3/lib/python3.9/site-packages/pandas/io/excel/_base.py", line 1695, in __init__
    self._reader = self._engines[engine](self._io, storage_options=storage_options)
  File "/opt/anaconda3/lib/python3.9/site-packages/pandas/io/excel/_openpyxl.py", line 557, in __init__
    super().__init__(filepath_or_buffer, storage_options=storage_options)
  File "/opt/anaconda3/lib/python3.9/site-packages/pandas/io/excel/_base.py", line 545, in __init__
    self.book = self.load_workbook(self.handles.handle)
  File "/opt/anaconda3/lib/python3.9/site-packages/pandas/io/excel/_openpyxl.py", line 568, in load_workbook
    return load_workbook(
  File "/opt/anaconda3/lib/python3.9/site-packages/openpyxl/reader/excel.py", line 315, in load_workbook
    reader = ExcelReader(filename, read_only, keep_vba,
  File "/opt/anaconda3/lib/python3.9/site-packages/openpyxl/reader/excel.py", line 124, in __init__
    self.archive = _validate_archive(fn)
  File "/opt/anaconda3/lib/python3.9/site-packages/openpyxl/reader/excel.py", line 96, in _validate_archive
    archive = ZipFile(filename, 'r')
  File "/opt/anaconda3/lib/python3.9/zipfile.py", line 1257, in __init__
    self._RealGetContents()
  File "/opt/anaconda3/lib/python3.9/zipfile.py", line 1324, in _RealGetContents
    raise BadZipFile("File is not a zip file")
zipfile.BadZipFile: File is not a zip file
🔁 Running git_update.sh at Sat Jan 17 16:52:36 CST 2026
🌐 Current ngrok URL: https://022b3c6b4b9e.ngrok-free.app
✅ Update complete at Sat Jan 17 16:52:53 CST 2026
▶️ Running create_table.py
Loaded Spotify creds: {'SPOTIFY_CLIENT_ID': 'c30f2b0a378d47dea592ba6ee5dcd6ca', 'SPOTIFY_CLIENT_SECRET': 'd857a06c3f514b20a9e9c229e6b2b78d', 'SPOTIFY_REDIRECT_URI': 'http://localhost:8888/callback', 'SPOTIFY_SCOPE': 'ugc-image-upload streaming user-read-playback-state user-modify-playback-state user-read-currently-playing user-read-private'}
Tables dropped successfully in taekook.db!
Tables created successfully in taekook.db!
▶️ Running insert_data.py
Loaded Spotify creds: {'SPOTIFY_CLIENT_ID': 'c30f2b0a378d47dea592ba6ee5dcd6ca', 'SPOTIFY_CLIENT_SECRET': 'd857a06c3f514b20a9e9c229e6b2b78d', 'SPOTIFY_REDIRECT_URI': 'http://localhost:8888/callback', 'SPOTIFY_SCOPE': 'ugc-image-upload streaming user-read-playback-state user-modify-playback-state user-read-currently-playing user-read-private'}
TKURadio table updated from Excel!
Background Music updated from Excel!
Upcoming Events updated from Excel!
Highlights Events updated from Excel!
Recap videos updated from Excel!
Memories updated from Excel!
InTheNews updated from Excel!
Discography updated from Excel!
Music Videos updated from Excel!
Vote data updated from Excel!
Radio stations data updated from Excel!
Spotify stats data updated from Excel!
Youtube stats data updated from Excel!
Shazam stats data updated from Excel!
Fanbases data updated from Excel!
Projects data updated from Excel!
Event updated from Excel!
Promotion data updated from Excel!
Banner data inserted successfully!
Products updated from Excel!
Fan Letters updated from Excel!
🔁 Running git_update.sh at Sun Jan 18 00:52:45 CST 2026
🌐 Current ngrok URL: https://022b3c6b4b9e.ngrok-free.app
✅ Update complete at Sun Jan 18 00:52:55 CST 2026
▶️ Running create_table.py
Loaded Spotify creds: {'SPOTIFY_CLIENT_ID': 'c30f2b0a378d47dea592ba6ee5dcd6ca', 'SPOTIFY_CLIENT_SECRET': 'd857a06c3f514b20a9e9c229e6b2b78d', 'SPOTIFY_REDIRECT_URI': 'http://localhost:8888/callback', 'SPOTIFY_SCOPE': 'ugc-image-upload streaming user-read-playback-state user-modify-playback-state user-read-currently-playing user-read-private'}
Tables dropped successfully in taekook.db!
Tables created successfully in taekook.db!
▶️ Running insert_data.py
Loaded Spotify creds: {'SPOTIFY_CLIENT_ID': 'c30f2b0a378d47dea592ba6ee5dcd6ca', 'SPOTIFY_CLIENT_SECRET': 'd857a06c3f514b20a9e9c229e6b2b78d', 'SPOTIFY_REDIRECT_URI': 'http://localhost:8888/callback', 'SPOTIFY_SCOPE': 'ugc-image-upload streaming user-read-playback-state user-modify-playback-state user-read-currently-playing user-read-private'}
TKURadio table updated from Excel!
Background Music updated from Excel!
Upcoming Events updated from Excel!
Highlights Events updated from Excel!
Recap videos updated from Excel!
Memories updated from Excel!
InTheNews updated from Excel!
Discography updated from Excel!
Music Videos updated from Excel!
Vote data updated from Excel!
Radio stations data updated from Excel!
Spotify stats data updated from Excel!
Youtube stats data updated from Excel!
Shazam stats data updated from Excel!
Fanbases data updated from Excel!
Projects data updated from Excel!
Event updated from Excel!
Promotion data updated from Excel!
Banner data inserted successfully!
Products updated from Excel!
Fan Letters updated from Excel!
🔁 Running git_update.sh at Sun Jan 18 08:55:06 CST 2026
🌐 Current ngrok URL: https://022b3c6b4b9e.ngrok-free.app
✅ Update complete at Sun Jan 18 08:55:34 CST 2026
▶️ Running create_table.py
Tables dropped successfully in taekook.db!
Tables created successfully in taekook.db!
▶️ Running insert_data.py
TKURadio table updated from Excel!
Background Music updated from Excel!
Upcoming Events updated from Excel!
Highlights Events updated from Excel!
Recap videos updated from Excel!
Memories updated from Excel!
InTheNews updated from Excel!
Discography updated from Excel!
Music Videos updated from Excel!
Vote data updated from Excel!
Radio stations data updated from Excel!
Spotify stats data updated from Excel!
Youtube stats data updated from Excel!
Shazam stats data updated from Excel!
Fanbases data updated from Excel!
Projects data updated from Excel!
Event updated from Excel!
Promotion data updated from Excel!
Banner data inserted successfully!
Products updated from Excel!
Fan Letters updated from Excel!
🔁 Running git_update.sh at Sun Jan 18 16:52:03 CST 2026
🌐 Current ngrok URL: https://022b3c6b4b9e.ngrok-free.app
✅ Update complete at Sun Jan 18 16:52:07 CST 2026
▶️ Running create_table.py
Tables dropped successfully in taekook.db!
Tables created successfully in taekook.db!
▶️ Running insert_data.py
TKURadio table updated from Excel!
Background Music updated from Excel!
Upcoming Events updated from Excel!
Highlights Events updated from Excel!
Recap videos updated from Excel!
Memories updated from Excel!
InTheNews updated from Excel!
Discography updated from Excel!
Music Videos updated from Excel!
Vote data updated from Excel!
Radio stations data updated from Excel!
Spotify stats data updated from Excel!
Youtube stats data updated from Excel!
Shazam stats data updated from Excel!
Fanbases data updated from Excel!
Projects data updated from Excel!
Event updated from Excel!
Promotion data updated from Excel!
Banner data inserted successfully!
Products updated from Excel!
Fan Letters updated from Excel!
🔁 Running git_update.sh at Mon Jan 19 00:53:14 CST 2026
🌐 Current ngrok URL: https://022b3c6b4b9e.ngrok-free.app
✅ Update complete at Mon Jan 19 00:53:23 CST 2026
▶️ Running create_table.py
Tables dropped successfully in taekook.db!
Tables created successfully in taekook.db!
▶️ Running insert_data.py
TKURadio table updated from Excel!
Background Music updated from Excel!
Upcoming Events updated from Excel!
Highlights Events updated from Excel!
Recap videos updated from Excel!
Memories updated from Excel!
InTheNews updated from Excel!
Discography updated from Excel!
Music Videos updated from Excel!
Vote data updated from Excel!
Radio stations data updated from Excel!
Spotify stats data updated from Excel!
Youtube stats data updated from Excel!
Shazam stats data updated from Excel!
Fanbases data updated from Excel!
Projects data updated from Excel!
Event updated from Excel!
Promotion data updated from Excel!
Banner data inserted successfully!
Products updated from Excel!
Fan Letters updated from Excel!
🔁 Running git_update.sh at Mon Jan 19 08:52:15 CST 2026
🌐 Current ngrok URL: https://022b3c6b4b9e.ngrok-free.app
✅ Update complete at Mon Jan 19 08:52:24 CST 2026
▶️ Running create_table.py
Tables dropped successfully in taekook.db!
Tables created successfully in taekook.db!
▶️ Running insert_data.py
TKURadio table updated from Excel!
Background Music updated from Excel!
Upcoming Events updated from Excel!
Highlights Events updated from Excel!
Recap videos updated from Excel!
Memories updated from Excel!
InTheNews updated from Excel!
Discography updated from Excel!
Music Videos updated from Excel!
Vote data updated from Excel!
Radio stations data updated from Excel!
Spotify stats data updated from Excel!
Youtube stats data updated from Excel!
Shazam stats data updated from Excel!
Fanbases data updated from Excel!
Projects data updated from Excel!
Event updated from Excel!
Promotion data updated from Excel!
Banner data inserted successfully!
Products updated from Excel!
Fan Letters updated from Excel!
🔁 Running git_update.sh at Mon Jan 19 16:54:45 CST 2026
🌐 Current ngrok URL: https://022b3c6b4b9e.ngrok-free.app
✅ Update complete at Mon Jan 19 16:55:28 CST 2026
▶️ Running create_table.py
Tables dropped successfully in taekook.db!
Tables created successfully in taekook.db!
▶️ Running insert_data.py
TKURadio table updated from Excel!
Background Music updated from Excel!
Upcoming Events updated from Excel!
Highlights Events updated from Excel!
Recap videos updated from Excel!
Memories updated from Excel!
InTheNews updated from Excel!
Discography updated from Excel!
Music Videos updated from Excel!
Vote data updated from Excel!
Radio stations data updated from Excel!
Spotify stats data updated from Excel!
Youtube stats data updated from Excel!
Shazam stats data updated from Excel!
Fanbases data updated from Excel!
Projects data updated from Excel!
Event updated from Excel!
Promotion data updated from Excel!
Banner data inserted successfully!
Products updated from Excel!
Fan Letters updated from Excel!
🔁 Running git_update.sh at Tue Jan 20 00:52:49 CST 2026
🌐 Current ngrok URL: https://022b3c6b4b9e.ngrok-free.app
✅ Update complete at Tue Jan 20 00:52:56 CST 2026
▶️ Running create_table.py
Tables dropped successfully in taekook.db!
Tables created successfully in taekook.db!
▶️ Running insert_data.py
TKURadio table updated from Excel!
Background Music updated from Excel!
Upcoming Events updated from Excel!
Highlights Events updated from Excel!
Recap videos updated from Excel!
Memories updated from Excel!
InTheNews updated from Excel!
Discography updated from Excel!
Music Videos updated from Excel!
Vote data updated from Excel!
Radio stations data updated from Excel!
Spotify stats data updated from Excel!
Youtube stats data updated from Excel!
Shazam stats data updated from Excel!
Fanbases data updated from Excel!
Projects data updated from Excel!
Event updated from Excel!
Promotion data updated from Excel!
Banner data inserted successfully!
Products updated from Excel!
Fan Letters updated from Excel!
🔁 Running git_update.sh at Tue Jan 20 08:52:04 CST 2026
🌐 Current ngrok URL: https://022b3c6b4b9e.ngrok-free.app
✅ Update complete at Tue Jan 20 08:52:08 CST 2026
▶️ Running create_table.py
Tables dropped successfully in taekook.db!
Tables created successfully in taekook.db!
▶️ Running insert_data.py
TKURadio table updated from Excel!
Background Music updated from Excel!
Upcoming Events updated from Excel!
Highlights Events updated from Excel!
Recap videos updated from Excel!
Memories updated from Excel!
InTheNews updated from Excel!
Discography updated from Excel!
Music Videos updated from Excel!
Vote data updated from Excel!
Radio stations data updated from Excel!
Spotify stats data updated from Excel!
Youtube stats data updated from Excel!
Shazam stats data updated from Excel!
Fanbases data updated from Excel!
Projects data updated from Excel!
Event updated from Excel!
Promotion data updated from Excel!
Banner data inserted successfully!
Products updated from Excel!
Fan Letters updated from Excel!
🔁 Running git_update.sh at Tue Jan 20 16:56:30 CST 2026
🌐 Current ngrok URL: https://022b3c6b4b9e.ngrok-free.app
✅ Update complete at Tue Jan 20 16:56:53 CST 2026
▶️ Running create_table.py
Tables dropped successfully in taekook.db!
Tables created successfully in taekook.db!
▶️ Running insert_data.py
TKURadio table updated from Excel!
Background Music updated from Excel!
Upcoming Events updated from Excel!
Highlights Events updated from Excel!
Recap videos updated from Excel!
Memories updated from Excel!
InTheNews updated from Excel!
Discography updated from Excel!
Music Videos updated from Excel!
Vote data updated from Excel!
Radio stations data updated from Excel!
Spotify stats data updated from Excel!
Youtube stats data updated from Excel!
Shazam stats data updated from Excel!
Fanbases data updated from Excel!
Projects data updated from Excel!
Event updated from Excel!
Promotion data updated from Excel!
Banner data inserted successfully!
Products updated from Excel!
Fan Letters updated from Excel!
🔁 Running git_update.sh at Wed Jan 21 00:52:17 CST 2026
🌐 Current ngrok URL: https://022b3c6b4b9e.ngrok-free.app
✅ Update complete at Wed Jan 21 00:52:26 CST 2026
▶️ Running create_table.py
Tables dropped successfully in taekook.db!
Tables created successfully in taekook.db!
▶️ Running insert_data.py
TKURadio table updated from Excel!
Background Music updated from Excel!
Upcoming Events updated from Excel!
Highlights Events updated from Excel!
Recap videos updated from Excel!
Memories updated from Excel!
InTheNews updated from Excel!
Discography updated from Excel!
Music Videos updated from Excel!
Vote data updated from Excel!
Radio stations data updated from Excel!
Spotify stats data updated from Excel!
Youtube stats data updated from Excel!
Shazam stats data updated from Excel!
Fanbases data updated from Excel!
Projects data updated from Excel!
Event updated from Excel!
Promotion data updated from Excel!
Banner data inserted successfully!
Products updated from Excel!
Fan Letters updated from Excel!
🔁 Running git_update.sh at Wed Jan 21 08:52:19 CST 2026
🌐 Current ngrok URL: https://022b3c6b4b9e.ngrok-free.app
✅ Update complete at Wed Jan 21 08:52:29 CST 2026
▶️ Running create_table.py
Tables dropped successfully in taekook.db!
Tables created successfully in taekook.db!
▶️ Running insert_data.py
TKURadio table updated from Excel!
Background Music updated from Excel!
Upcoming Events updated from Excel!
Highlights Events updated from Excel!
Recap videos updated from Excel!
Memories updated from Excel!
InTheNews updated from Excel!
Discography updated from Excel!
Music Videos updated from Excel!
Vote data updated from Excel!
Radio stations data updated from Excel!
Spotify stats data updated from Excel!
Youtube stats data updated from Excel!
Shazam stats data updated from Excel!
Fanbases data updated from Excel!
Projects data updated from Excel!
Event updated from Excel!
Promotion data updated from Excel!
Banner data inserted successfully!
Products updated from Excel!
Fan Letters updated from Excel!
🔁 Running git_update.sh at Wed Jan 21 16:54:53 CST 2026
🌐 Current ngrok URL: https://022b3c6b4b9e.ngrok-free.app
✅ Update complete at Wed Jan 21 16:55:13 CST 2026
▶️ Running create_table.py
Tables dropped successfully in taekook.db!
Tables created successfully in taekook.db!
▶️ Running insert_data.py
TKURadio table updated from Excel!
Background Music updated from Excel!
Upcoming Events updated from Excel!
Highlights Events updated from Excel!
Recap videos updated from Excel!
Memories updated from Excel!
InTheNews updated from Excel!
Discography updated from Excel!
Music Videos updated from Excel!
Vote data updated from Excel!
Radio stations data updated from Excel!
Spotify stats data updated from Excel!
Youtube stats data updated from Excel!
Shazam stats data updated from Excel!
Fanbases data updated from Excel!
Projects data updated from Excel!
Event updated from Excel!
Promotion data updated from Excel!
Banner data inserted successfully!
Products updated from Excel!
Fan Letters updated from Excel!
🔁 Running git_update.sh at Thu Jan 22 00:52:58 CST 2026
🌐 Current ngrok URL: https://022b3c6b4b9e.ngrok-free.app
✅ Update complete at Thu Jan 22 00:53:06 CST 2026
▶️ Running create_table.py
Tables dropped successfully in taekook.db!
Tables created successfully in taekook.db!
▶️ Running insert_data.py
TKURadio table updated from Excel!
Background Music updated from Excel!
Upcoming Events updated from Excel!
Highlights Events updated from Excel!
Recap videos updated from Excel!
Memories updated from Excel!
InTheNews updated from Excel!
Discography updated from Excel!
Music Videos updated from Excel!
Vote data updated from Excel!
Radio stations data updated from Excel!
Spotify stats data updated from Excel!
Youtube stats data updated from Excel!
Shazam stats data updated from Excel!
Fanbases data updated from Excel!
Projects data updated from Excel!
Event updated from Excel!
Promotion data updated from Excel!
Banner data inserted successfully!
Products updated from Excel!
Fan Letters updated from Excel!
🔁 Running git_update.sh at Thu Jan 22 08:54:35 CST 2026
🌐 Current ngrok URL: https://022b3c6b4b9e.ngrok-free.app
✅ Update complete at Thu Jan 22 08:55:01 CST 2026
▶️ Running create_table.py
Tables dropped successfully in taekook.db!
Tables created successfully in taekook.db!
▶️ Running insert_data.py
TKURadio table updated from Excel!
Background Music updated from Excel!
Upcoming Events updated from Excel!
Highlights Events updated from Excel!
Recap videos updated from Excel!
Memories updated from Excel!
InTheNews updated from Excel!
Discography updated from Excel!
Music Videos updated from Excel!
Vote data updated from Excel!
Radio stations data updated from Excel!
Spotify stats data updated from Excel!
Youtube stats data updated from Excel!
Shazam stats data updated from Excel!
Fanbases data updated from Excel!
Projects data updated from Excel!
Event updated from Excel!
Promotion data updated from Excel!
Banner data inserted successfully!
Products updated from Excel!
Fan Letters updated from Excel!
🔁 Running git_update.sh at Thu Jan 22 16:52:13 CST 2026
🌐 Current ngrok URL: https://022b3c6b4b9e.ngrok-free.app
✅ Update complete at Thu Jan 22 16:52:21 CST 2026
▶️ Running create_table.py
Tables dropped successfully in taekook.db!
Tables created successfully in taekook.db!
▶️ Running insert_data.py
TKURadio table updated from Excel!
Background Music updated from Excel!
Upcoming Events updated from Excel!
Highlights Events updated from Excel!
Recap videos updated from Excel!
Memories updated from Excel!
InTheNews updated from Excel!
Discography updated from Excel!
Music Videos updated from Excel!
Vote data updated from Excel!
Radio stations data updated from Excel!
Spotify stats data updated from Excel!
Youtube stats data updated from Excel!
Shazam stats data updated from Excel!
Fanbases data updated from Excel!
Projects data updated from Excel!
Event updated from Excel!
Promotion data updated from Excel!
Banner data inserted successfully!
Products updated from Excel!
Fan Letters updated from Excel!
🔁 Running git_update.sh at Fri Jan 23 00:52:24 CST 2026
🌐 Current ngrok URL: https://fb5dffe32bd3.ngrok-free.app
✅ Update complete at Fri Jan 23 00:52:36 CST 2026
▶️ Running create_table.py
Tables dropped successfully in taekook.db!
Tables created successfully in taekook.db!
▶️ Running insert_data.py
TKURadio table updated from Excel!
Background Music updated from Excel!
Upcoming Events updated from Excel!
Highlights Events updated from Excel!
Recap videos updated from Excel!
Memories updated from Excel!
InTheNews updated from Excel!
Discography updated from Excel!
Music Videos updated from Excel!
Vote data updated from Excel!
Radio stations data updated from Excel!
Spotify stats data updated from Excel!
Youtube stats data updated from Excel!
Shazam stats data updated from Excel!
Fanbases data updated from Excel!
Projects data updated from Excel!
Event updated from Excel!
Promotion data updated from Excel!
Banner data inserted successfully!
Products updated from Excel!
Fan Letters updated from Excel!
🔁 Running git_update.sh at Fri Jan 23 08:52:40 CST 2026
🌐 Current ngrok URL: https://fb5dffe32bd3.ngrok-free.app
✅ Update complete at Fri Jan 23 08:52:53 CST 2026
▶️ Running create_table.py
Tables dropped successfully in taekook.db!
Tables created successfully in taekook.db!
▶️ Running insert_data.py
TKURadio table updated from Excel!
Background Music updated from Excel!
Upcoming Events updated from Excel!
Highlights Events updated from Excel!
Recap videos updated from Excel!
Memories updated from Excel!
InTheNews updated from Excel!
Discography updated from Excel!
Music Videos updated from Excel!
Vote data updated from Excel!
Radio stations data updated from Excel!
Spotify stats data updated from Excel!
Youtube stats data updated from Excel!
Shazam stats data updated from Excel!
Fanbases data updated from Excel!
Projects data updated from Excel!
Event updated from Excel!
Promotion data updated from Excel!
Banner data inserted successfully!
Products updated from Excel!
Fan Letters updated from Excel!
🔁 Running git_update.sh at Fri Jan 23 16:53:48 CST 2026
🌐 Current ngrok URL: https://fb5dffe32bd3.ngrok-free.app
✅ Update complete at Fri Jan 23 16:54:12 CST 2026
▶️ Running create_table.py
Tables dropped successfully in taekook.db!
Tables created successfully in taekook.db!
▶️ Running insert_data.py
TKURadio table updated from Excel!
Background Music updated from Excel!
Upcoming Events updated from Excel!
Highlights Events updated from Excel!
Recap videos updated from Excel!
Memories updated from Excel!
InTheNews updated from Excel!
Discography updated from Excel!
Music Videos updated from Excel!
Vote data updated from Excel!
Radio stations data updated from Excel!
Spotify stats data updated from Excel!
Youtube stats data updated from Excel!
Shazam stats data updated from Excel!
Fanbases data updated from Excel!
Projects data updated from Excel!
Event updated from Excel!
Promotion data updated from Excel!
Banner data inserted successfully!
Products updated from Excel!
Fan Letters updated from Excel!
🔁 Running git_update.sh at Sat Jan 24 00:53:59 CST 2026
🌐 Current ngrok URL: https://fb5dffe32bd3.ngrok-free.app
✅ Update complete at Sat Jan 24 00:54:10 CST 2026
▶️ Running create_table.py
Tables dropped successfully in taekook.db!
Tables created successfully in taekook.db!
▶️ Running insert_data.py
TKURadio table updated from Excel!
Background Music updated from Excel!
Upcoming Events updated from Excel!
Highlights Events updated from Excel!
Recap videos updated from Excel!
Memories updated from Excel!
InTheNews updated from Excel!
Discography updated from Excel!
Music Videos updated from Excel!
Vote data updated from Excel!
Radio stations data updated from Excel!
Spotify stats data updated from Excel!
Youtube stats data updated from Excel!
Shazam stats data updated from Excel!
Fanbases data updated from Excel!
Projects data updated from Excel!
Event updated from Excel!
Promotion data updated from Excel!
Banner data inserted successfully!
Products updated from Excel!
Fan Letters updated from Excel!
🔁 Running git_update.sh at Sat Jan 24 08:53:36 CST 2026
🌐 Current ngrok URL: https://fb5dffe32bd3.ngrok-free.app
✅ Update complete at Sat Jan 24 08:53:46 CST 2026
▶️ Running create_table.py
Tables dropped successfully in taekook.db!
Tables created successfully in taekook.db!
▶️ Running insert_data.py
TKURadio table updated from Excel!
Background Music updated from Excel!
Upcoming Events updated from Excel!
Highlights Events updated from Excel!
Recap videos updated from Excel!
Memories updated from Excel!
InTheNews updated from Excel!
Discography updated from Excel!
Music Videos updated from Excel!
Vote data updated from Excel!
Radio stations data updated from Excel!
Spotify stats data updated from Excel!
Youtube stats data updated from Excel!
Shazam stats data updated from Excel!
Fanbases data updated from Excel!
Projects data updated from Excel!
Event updated from Excel!
Promotion data updated from Excel!
Banner data inserted successfully!
Products updated from Excel!
Fan Letters updated from Excel!
🔁 Running git_update.sh at Sat Jan 24 16:52:51 CST 2026
🌐 Current ngrok URL: https://fb5dffe32bd3.ngrok-free.app
✅ Update complete at Sat Jan 24 16:53:05 CST 2026
▶️ Running create_table.py
Tables dropped successfully in taekook.db!
Tables created successfully in taekook.db!
▶️ Running insert_data.py
TKURadio table updated from Excel!
Background Music updated from Excel!
Upcoming Events updated from Excel!
Highlights Events updated from Excel!
Recap videos updated from Excel!
Memories updated from Excel!
InTheNews updated from Excel!
Discography updated from Excel!
Music Videos updated from Excel!
Vote data updated from Excel!
Radio stations data updated from Excel!
Spotify stats data updated from Excel!
Youtube stats data updated from Excel!
Shazam stats data updated from Excel!
Fanbases data updated from Excel!
Projects data updated from Excel!
Event updated from Excel!
Promotion data updated from Excel!
Banner data inserted successfully!
Products updated from Excel!
Fan Letters updated from Excel!
🔁 Running git_update.sh at Sun Jan 25 00:53:34 CST 2026
🌐 Current ngrok URL: https://fb5dffe32bd3.ngrok-free.app
✅ Update complete at Sun Jan 25 00:53:54 CST 2026
▶️ Running create_table.py
Tables dropped successfully in taekook.db!
Tables created successfully in taekook.db!
▶️ Running insert_data.py
TKURadio table updated from Excel!
Background Music updated from Excel!
Upcoming Events updated from Excel!
Highlights Events updated from Excel!
Recap videos updated from Excel!
Memories updated from Excel!
InTheNews updated from Excel!
Discography updated from Excel!
Music Videos updated from Excel!
Vote data updated from Excel!
Radio stations data updated from Excel!
Spotify stats data updated from Excel!
Youtube stats data updated from Excel!
Shazam stats data updated from Excel!
Fanbases data updated from Excel!
Projects data updated from Excel!
Event updated from Excel!
Traceback (most recent call last):
  File "/Users/haripriyakrishnan/Downloads/Python/taekookuniverse/insert_data.py", line 531, in <module>
    insert_data_from_excel()
  File "/Users/haripriyakrishnan/Downloads/Python/taekookuniverse/insert_data.py", line 452, in insert_data_from_excel
    promotion_df = pd.read_excel(excel_file, sheet_name="Promotion")
  File "/opt/anaconda3/lib/python3.9/site-packages/pandas/util/_decorators.py", line 211, in wrapper
    return func(*args, **kwargs)
  File "/opt/anaconda3/lib/python3.9/site-packages/pandas/util/_decorators.py", line 331, in wrapper
    return func(*args, **kwargs)
  File "/opt/anaconda3/lib/python3.9/site-packages/pandas/io/excel/_base.py", line 482, in read_excel
    io = ExcelFile(io, storage_options=storage_options, engine=engine)
  File "/opt/anaconda3/lib/python3.9/site-packages/pandas/io/excel/_base.py", line 1695, in __init__
    self._reader = self._engines[engine](self._io, storage_options=storage_options)
  File "/opt/anaconda3/lib/python3.9/site-packages/pandas/io/excel/_openpyxl.py", line 557, in __init__
    super().__init__(filepath_or_buffer, storage_options=storage_options)
  File "/opt/anaconda3/lib/python3.9/site-packages/pandas/io/excel/_base.py", line 545, in __init__
    self.book = self.load_workbook(self.handles.handle)
  File "/opt/anaconda3/lib/python3.9/site-packages/pandas/io/excel/_openpyxl.py", line 568, in load_workbook
    return load_workbook(
  File "/opt/anaconda3/lib/python3.9/site-packages/openpyxl/reader/excel.py", line 317, in load_workbook
    reader.read()
  File "/opt/anaconda3/lib/python3.9/site-packages/openpyxl/reader/excel.py", line 282, in read
    self.read_worksheets()
  File "/opt/anaconda3/lib/python3.9/site-packages/openpyxl/reader/excel.py", line 216, in read_worksheets
    rels = get_dependents(self.archive, rels_path)
  File "/opt/anaconda3/lib/python3.9/site-packages/openpyxl/packaging/relationship.py", line 130, in get_dependents
    src = archive.read(filename)
  File "/opt/anaconda3/lib/python3.9/zipfile.py", line 1463, in read
    with self.open(name, "r", pwd) as fp:
  File "/opt/anaconda3/lib/python3.9/zipfile.py", line 1520, in open
    raise BadZipFile("Truncated file header")
zipfile.BadZipFile: Truncated file header
🔁 Running git_update.sh at Sun Jan 25 08:53:17 CST 2026
🌐 Current ngrok URL: https://fb5dffe32bd3.ngrok-free.app
✅ Update complete at Sun Jan 25 08:53:33 CST 2026
▶️ Running create_table.py
Tables dropped successfully in taekook.db!
Tables created successfully in taekook.db!
▶️ Running insert_data.py
TKURadio table updated from Excel!
Background Music updated from Excel!
Upcoming Events updated from Excel!
Highlights Events updated from Excel!
Recap videos updated from Excel!
Memories updated from Excel!
InTheNews updated from Excel!
Discography updated from Excel!
Music Videos updated from Excel!
Vote data updated from Excel!
Radio stations data updated from Excel!
Spotify stats data updated from Excel!
Youtube stats data updated from Excel!
Shazam stats data updated from Excel!
Fanbases data updated from Excel!
Projects data updated from Excel!
Event updated from Excel!
Promotion data updated from Excel!
Banner data inserted successfully!
Products updated from Excel!
Fan Letters updated from Excel!
🔁 Running git_update.sh at Sun Jan 25 16:52:32 CST 2026
🌐 Current ngrok URL: https://fb5dffe32bd3.ngrok-free.app
✅ Update complete at Sun Jan 25 16:53:25 CST 2026
▶️ Running create_table.py
Tables dropped successfully in taekook.db!
Tables created successfully in taekook.db!
▶️ Running insert_data.py
TKURadio table updated from Excel!
Background Music updated from Excel!
Upcoming Events updated from Excel!
Highlights Events updated from Excel!
Recap videos updated from Excel!
Memories updated from Excel!
InTheNews updated from Excel!
Discography updated from Excel!
Music Videos updated from Excel!
Vote data updated from Excel!
Radio stations data updated from Excel!
Spotify stats data updated from Excel!
Youtube stats data updated from Excel!
Shazam stats data updated from Excel!
Fanbases data updated from Excel!
Projects data updated from Excel!
Event updated from Excel!
Promotion data updated from Excel!
Banner data inserted successfully!
Products updated from Excel!
Fan Letters updated from Excel!
🔁 Running git_update.sh at Mon Jan 26 00:53:25 CST 2026
🌐 Current ngrok URL: https://fb5dffe32bd3.ngrok-free.app
✅ Update complete at Mon Jan 26 00:53:42 CST 2026
▶️ Running create_table.py
Tables dropped successfully in taekook.db!
Tables created successfully in taekook.db!
▶️ Running insert_data.py
TKURadio table updated from Excel!
Background Music updated from Excel!
Upcoming Events updated from Excel!
Highlights Events updated from Excel!
Recap videos updated from Excel!
Memories updated from Excel!
InTheNews updated from Excel!
Discography updated from Excel!
Music Videos updated from Excel!
Vote data updated from Excel!
Radio stations data updated from Excel!
Spotify stats data updated from Excel!
Youtube stats data updated from Excel!
Shazam stats data updated from Excel!
Fanbases data updated from Excel!
Projects data updated from Excel!
Event updated from Excel!
Promotion data updated from Excel!
Banner data inserted successfully!
Products updated from Excel!
Fan Letters updated from Excel!
🔁 Running git_update.sh at Mon Jan 26 08:52:04 CST 2026
🌐 Current ngrok URL: https://2ef4a8ff4427.ngrok-free.app
✅ Update complete at Mon Jan 26 08:52:08 CST 2026
▶️ Running create_table.py
Tables dropped successfully in taekook.db!
Tables created successfully in taekook.db!
▶️ Running insert_data.py
TKURadio table updated from Excel!
Background Music updated from Excel!
Upcoming Events updated from Excel!
Highlights Events updated from Excel!
Recap videos updated from Excel!
Memories updated from Excel!
InTheNews updated from Excel!
Discography updated from Excel!
Music Videos updated from Excel!
Vote data updated from Excel!
Radio stations data updated from Excel!
Spotify stats data updated from Excel!
Youtube stats data updated from Excel!
Shazam stats data updated from Excel!
Fanbases data updated from Excel!
Projects data updated from Excel!
Event updated from Excel!
Promotion data updated from Excel!
Banner data inserted successfully!
Products updated from Excel!
Fan Letters updated from Excel!
🔁 Running git_update.sh at Mon Jan 26 16:54:17 CST 2026
🌐 Current ngrok URL: https://2ef4a8ff4427.ngrok-free.app
✅ Update complete at Mon Jan 26 16:55:03 CST 2026
▶️ Running create_table.py
Tables dropped successfully in taekook.db!
Tables created successfully in taekook.db!
▶️ Running insert_data.py
TKURadio table updated from Excel!
Background Music updated from Excel!
Upcoming Events updated from Excel!
Highlights Events updated from Excel!
Recap videos updated from Excel!
Memories updated from Excel!
InTheNews updated from Excel!
Discography updated from Excel!
Music Videos updated from Excel!
Vote data updated from Excel!
Radio stations data updated from Excel!
Spotify stats data updated from Excel!
Youtube stats data updated from Excel!
Shazam stats data updated from Excel!
Fanbases data updated from Excel!
Projects data updated from Excel!
Event updated from Excel!
Promotion data updated from Excel!
Banner data inserted successfully!
Products updated from Excel!
Fan Letters updated from Excel!
🔁 Running git_update.sh at Tue Jan 27 00:52:23 CST 2026
🌐 Current ngrok URL: https://2ef4a8ff4427.ngrok-free.app
✅ Update complete at Tue Jan 27 00:52:29 CST 2026
▶️ Running create_table.py
Tables dropped successfully in taekook.db!
Tables created successfully in taekook.db!
▶️ Running insert_data.py
TKURadio table updated from Excel!
Background Music updated from Excel!
Upcoming Events updated from Excel!
Highlights Events updated from Excel!
Recap videos updated from Excel!
Memories updated from Excel!
InTheNews updated from Excel!
Discography updated from Excel!
Music Videos updated from Excel!
Vote data updated from Excel!
Radio stations data updated from Excel!
Spotify stats data updated from Excel!
Youtube stats data updated from Excel!
Shazam stats data updated from Excel!
Fanbases data updated from Excel!
Projects data updated from Excel!
Event updated from Excel!
Promotion data updated from Excel!
Banner data inserted successfully!
Products updated from Excel!
Fan Letters updated from Excel!
🔁 Running git_update.sh at Tue Jan 27 08:52:18 CST 2026
🌐 Current ngrok URL: https://2ef4a8ff4427.ngrok-free.app
✅ Update complete at Tue Jan 27 08:52:24 CST 2026
▶️ Running create_table.py
Tables dropped successfully in taekook.db!
Tables created successfully in taekook.db!
▶️ Running insert_data.py
TKURadio table updated from Excel!
Background Music updated from Excel!
Upcoming Events updated from Excel!
Highlights Events updated from Excel!
Recap videos updated from Excel!
Memories updated from Excel!
InTheNews updated from Excel!
Discography updated from Excel!
Music Videos updated from Excel!
Vote data updated from Excel!
Radio stations data updated from Excel!
Spotify stats data updated from Excel!
Youtube stats data updated from Excel!
Shazam stats data updated from Excel!
Fanbases data updated from Excel!
Projects data updated from Excel!
Event updated from Excel!
Promotion data updated from Excel!
Banner data inserted successfully!
Products updated from Excel!
Fan Letters updated from Excel!
🔁 Running git_update.sh at Tue Jan 27 16:55:43 CST 2026
🌐 Current ngrok URL: https://2ef4a8ff4427.ngrok-free.app
✅ Update complete at Tue Jan 27 16:56:43 CST 2026
▶️ Running create_table.py
Tables dropped successfully in taekook.db!
Tables created successfully in taekook.db!
▶️ Running insert_data.py
TKURadio table updated from Excel!
Background Music updated from Excel!
Upcoming Events updated from Excel!
Highlights Events updated from Excel!
Recap videos updated from Excel!
Memories updated from Excel!
InTheNews updated from Excel!
Discography updated from Excel!
Music Videos updated from Excel!
Vote data updated from Excel!
Radio stations data updated from Excel!
Spotify stats data updated from Excel!
Youtube stats data updated from Excel!
Shazam stats data updated from Excel!
Fanbases data updated from Excel!
Projects data updated from Excel!
Event updated from Excel!
Promotion data updated from Excel!
Banner data inserted successfully!
Products updated from Excel!
Fan Letters updated from Excel!
🔁 Running git_update.sh at Wed Jan 28 00:56:50 CST 2026
🌐 Current ngrok URL: https://2ef4a8ff4427.ngrok-free.app
✅ Update complete at Wed Jan 28 00:57:07 CST 2026
▶️ Running create_table.py
Tables dropped successfully in taekook.db!
Tables created successfully in taekook.db!
▶️ Running insert_data.py
TKURadio table updated from Excel!
Background Music updated from Excel!
Upcoming Events updated from Excel!
Highlights Events updated from Excel!
Recap videos updated from Excel!
Memories updated from Excel!
InTheNews updated from Excel!
Discography updated from Excel!
Music Videos updated from Excel!
Vote data updated from Excel!
Radio stations data updated from Excel!
Spotify stats data updated from Excel!
Youtube stats data updated from Excel!
Shazam stats data updated from Excel!
Fanbases data updated from Excel!
Projects data updated from Excel!
Event updated from Excel!
Promotion data updated from Excel!
Banner data inserted successfully!
Products updated from Excel!
Fan Letters updated from Excel!
🔁 Running git_update.sh at Wed Jan 28 08:56:19 CST 2026
🌐 Current ngrok URL: https://2ef4a8ff4427.ngrok-free.app
✅ Update complete at Wed Jan 28 08:56:33 CST 2026
▶️ Running create_table.py
Tables dropped successfully in taekook.db!
Tables created successfully in taekook.db!
▶️ Running insert_data.py
TKURadio table updated from Excel!
Background Music updated from Excel!
Upcoming Events updated from Excel!
Highlights Events updated from Excel!
Recap videos updated from Excel!
Memories updated from Excel!
InTheNews updated from Excel!
Discography updated from Excel!
Music Videos updated from Excel!
Vote data updated from Excel!
Radio stations data updated from Excel!
Spotify stats data updated from Excel!
Youtube stats data updated from Excel!
Shazam stats data updated from Excel!
Fanbases data updated from Excel!
Projects data updated from Excel!
Event updated from Excel!
Promotion data updated from Excel!
Banner data inserted successfully!
Products updated from Excel!
Fan Letters updated from Excel!
🔁 Running git_update.sh at Wed Jan 28 16:52:22 CST 2026
🌐 Current ngrok URL: https://2ef4a8ff4427.ngrok-free.app
✅ Update complete at Wed Jan 28 16:52:34 CST 2026
▶️ Running create_table.py
Tables dropped successfully in taekook.db!
Tables created successfully in taekook.db!
▶️ Running insert_data.py
TKURadio table updated from Excel!
Background Music updated from Excel!
Upcoming Events updated from Excel!
Highlights Events updated from Excel!
Recap videos updated from Excel!
Memories updated from Excel!
InTheNews updated from Excel!
Discography updated from Excel!
Music Videos updated from Excel!
Vote data updated from Excel!
Radio stations data updated from Excel!
Spotify stats data updated from Excel!
Youtube stats data updated from Excel!
Shazam stats data updated from Excel!
Fanbases data updated from Excel!
Projects data updated from Excel!
Event updated from Excel!
Promotion data updated from Excel!
Banner data inserted successfully!
Products updated from Excel!
Fan Letters updated from Excel!
🔁 Running git_update.sh at Thu Jan 29 00:52:02 CST 2026
🌐 Current ngrok URL: https://2ef4a8ff4427.ngrok-free.app
✅ Update complete at Thu Jan 29 00:52:06 CST 2026
▶️ Running create_table.py
Tables dropped successfully in taekook.db!
Tables created successfully in taekook.db!
▶️ Running insert_data.py
TKURadio table updated from Excel!
Background Music updated from Excel!
Upcoming Events updated from Excel!
Highlights Events updated from Excel!
Recap videos updated from Excel!
Memories updated from Excel!
InTheNews updated from Excel!
Discography updated from Excel!
Music Videos updated from Excel!
Vote data updated from Excel!
Radio stations data updated from Excel!
Spotify stats data updated from Excel!
Youtube stats data updated from Excel!
Shazam stats data updated from Excel!
Fanbases data updated from Excel!
Projects data updated from Excel!
Event updated from Excel!
Promotion data updated from Excel!
Banner data inserted successfully!
Products updated from Excel!
Fan Letters updated from Excel!
🔁 Running git_update.sh at Thu Jan 29 08:52:02 CST 2026
🌐 Current ngrok URL: https://2ef4a8ff4427.ngrok-free.app
✅ Update complete at Thu Jan 29 08:52:06 CST 2026
▶️ Running create_table.py
Tables dropped successfully in taekook.db!
Tables created successfully in taekook.db!
▶️ Running insert_data.py
TKURadio table updated from Excel!
Background Music updated from Excel!
Upcoming Events updated from Excel!
Highlights Events updated from Excel!
Recap videos updated from Excel!
Memories updated from Excel!
InTheNews updated from Excel!
Discography updated from Excel!
Music Videos updated from Excel!
Vote data updated from Excel!
Radio stations data updated from Excel!
Spotify stats data updated from Excel!
Youtube stats data updated from Excel!
Shazam stats data updated from Excel!
Fanbases data updated from Excel!
Projects data updated from Excel!
Event updated from Excel!
Promotion data updated from Excel!
Banner data inserted successfully!
Products updated from Excel!
Fan Letters updated from Excel!
🔁 Running git_update.sh at Thu Jan 29 16:52:03 CST 2026
🌐 Current ngrok URL: https://2ef4a8ff4427.ngrok-free.app
✅ Update complete at Thu Jan 29 16:52:07 CST 2026
▶️ Running create_table.py
Tables dropped successfully in taekook.db!
Tables created successfully in taekook.db!
▶️ Running insert_data.py
TKURadio table updated from Excel!
Background Music updated from Excel!
Upcoming Events updated from Excel!
Highlights Events updated from Excel!
Recap videos updated from Excel!
Memories updated from Excel!
InTheNews updated from Excel!
Discography updated from Excel!
Music Videos updated from Excel!
Vote data updated from Excel!
Radio stations data updated from Excel!
Spotify stats data updated from Excel!
Youtube stats data updated from Excel!
Shazam stats data updated from Excel!
Fanbases data updated from Excel!
Projects data updated from Excel!
Event updated from Excel!
Promotion data updated from Excel!
Banner data inserted successfully!
Products updated from Excel!
Fan Letters updated from Excel!
🔁 Running git_update.sh at Fri Jan 30 00:52:20 CST 2026
🌐 Current ngrok URL: https://2ef4a8ff4427.ngrok-free.app
✅ Update complete at Fri Jan 30 00:52:24 CST 2026
▶️ Running create_table.py
Tables dropped successfully in taekook.db!
Tables created successfully in taekook.db!
▶️ Running insert_data.py
TKURadio table updated from Excel!
Background Music updated from Excel!
Upcoming Events updated from Excel!
Highlights Events updated from Excel!
Recap videos updated from Excel!
Memories updated from Excel!
InTheNews updated from Excel!
Discography updated from Excel!
Music Videos updated from Excel!
Vote data updated from Excel!
Radio stations data updated from Excel!
Spotify stats data updated from Excel!
Youtube stats data updated from Excel!
Shazam stats data updated from Excel!
Fanbases data updated from Excel!
Projects data updated from Excel!
Event updated from Excel!
Promotion data updated from Excel!
Banner data inserted successfully!
Products updated from Excel!
Fan Letters updated from Excel!
🔁 Running git_update.sh at Fri Jan 30 08:52:20 CST 2026
🌐 Current ngrok URL: https://2ef4a8ff4427.ngrok-free.app
✅ Update complete at Fri Jan 30 08:52:24 CST 2026
▶️ Running create_table.py
Tables dropped successfully in taekook.db!
Tables created successfully in taekook.db!
▶️ Running insert_data.py
TKURadio table updated from Excel!
Background Music updated from Excel!
Upcoming Events updated from Excel!
Highlights Events updated from Excel!
Recap videos updated from Excel!
Memories updated from Excel!
InTheNews updated from Excel!
Discography updated from Excel!
Music Videos updated from Excel!
Vote data updated from Excel!
Radio stations data updated from Excel!
Spotify stats data updated from Excel!
Youtube stats data updated from Excel!
Shazam stats data updated from Excel!
Fanbases data updated from Excel!
Projects data updated from Excel!
Event updated from Excel!
Promotion data updated from Excel!
Banner data inserted successfully!
Products updated from Excel!
Fan Letters updated from Excel!
🔁 Running git_update.sh at Fri Jan 30 16:52:21 CST 2026
🌐 Current ngrok URL: https://2ef4a8ff4427.ngrok-free.app
✅ Update complete at Fri Jan 30 16:52:25 CST 2026
▶️ Running create_table.py
Tables dropped successfully in taekook.db!
Tables created successfully in taekook.db!
▶️ Running insert_data.py
TKURadio table updated from Excel!
Background Music updated from Excel!
Upcoming Events updated from Excel!
Highlights Events updated from Excel!
Recap videos updated from Excel!
Memories updated from Excel!
InTheNews updated from Excel!
Discography updated from Excel!
Music Videos updated from Excel!
Vote data updated from Excel!
Radio stations data updated from Excel!
Spotify stats data updated from Excel!
Youtube stats data updated from Excel!
Shazam stats data updated from Excel!
Fanbases data updated from Excel!
Projects data updated from Excel!
Event updated from Excel!
Promotion data updated from Excel!
Banner data inserted successfully!
Products updated from Excel!
Fan Letters updated from Excel!
🔁 Running git_update.sh at Sat Jan 31 00:52:21 CST 2026
🌐 Current ngrok URL: https://2ef4a8ff4427.ngrok-free.app
✅ Update complete at Sat Jan 31 00:52:25 CST 2026
▶️ Running create_table.py
Tables dropped successfully in taekook.db!
Tables created successfully in taekook.db!
▶️ Running insert_data.py
TKURadio table updated from Excel!
Background Music updated from Excel!
Upcoming Events updated from Excel!
Highlights Events updated from Excel!
Recap videos updated from Excel!
Memories updated from Excel!
InTheNews updated from Excel!
Discography updated from Excel!
Music Videos updated from Excel!
Vote data updated from Excel!
Radio stations data updated from Excel!
Spotify stats data updated from Excel!
Youtube stats data updated from Excel!
Shazam stats data updated from Excel!
Fanbases data updated from Excel!
Projects data updated from Excel!
Event updated from Excel!
Promotion data updated from Excel!
Banner data inserted successfully!
Products updated from Excel!
Fan Letters updated from Excel!
🔁 Running git_update.sh at Sat Jan 31 08:52:23 CST 2026
🌐 Current ngrok URL: https://2ef4a8ff4427.ngrok-free.app
✅ Update complete at Sat Jan 31 08:52:27 CST 2026
▶️ Running create_table.py
Tables dropped successfully in taekook.db!
Tables created successfully in taekook.db!
▶️ Running insert_data.py
TKURadio table updated from Excel!
Background Music updated from Excel!
Upcoming Events updated from Excel!
Highlights Events updated from Excel!
Recap videos updated from Excel!
Memories updated from Excel!
InTheNews updated from Excel!
Discography updated from Excel!
Music Videos updated from Excel!
Vote data updated from Excel!
Radio stations data updated from Excel!
Spotify stats data updated from Excel!
Youtube stats data updated from Excel!
Shazam stats data updated from Excel!
Fanbases data updated from Excel!
Projects data updated from Excel!
Event updated from Excel!
Promotion data updated from Excel!
Banner data inserted successfully!
Products updated from Excel!
Fan Letters updated from Excel!
🔁 Running git_update.sh at Sat Jan 31 16:52:19 CST 2026
🌐 Current ngrok URL: https://2ef4a8ff4427.ngrok-free.app
✅ Update complete at Sat Jan 31 16:52:23 CST 2026
▶️ Running create_table.py
Tables dropped successfully in taekook.db!
Tables created successfully in taekook.db!
▶️ Running insert_data.py
TKURadio table updated from Excel!
Background Music updated from Excel!
Upcoming Events updated from Excel!
Highlights Events updated from Excel!
Recap videos updated from Excel!
Memories updated from Excel!
InTheNews updated from Excel!
Discography updated from Excel!
Music Videos updated from Excel!
Vote data updated from Excel!
Radio stations data updated from Excel!
Spotify stats data updated from Excel!
Youtube stats data updated from Excel!
Shazam stats data updated from Excel!
Fanbases data updated from Excel!
Projects data updated from Excel!
Event updated from Excel!
Promotion data updated from Excel!
Banner data inserted successfully!
Products updated from Excel!
Fan Letters updated from Excel!
🔁 Running git_update.sh at Sun Feb  1 00:52:20 CST 2026
🌐 Current ngrok URL: https://2ef4a8ff4427.ngrok-free.app
✅ Update complete at Sun Feb  1 00:52:23 CST 2026
▶️ Running create_table.py
Tables dropped successfully in taekook.db!
Tables created successfully in taekook.db!
▶️ Running insert_data.py
TKURadio table updated from Excel!
Background Music updated from Excel!
Upcoming Events updated from Excel!
Highlights Events updated from Excel!
Recap videos updated from Excel!
Memories updated from Excel!
InTheNews updated from Excel!
Discography updated from Excel!
Music Videos updated from Excel!
Vote data updated from Excel!
Radio stations data updated from Excel!
Spotify stats data updated from Excel!
Youtube stats data updated from Excel!
Shazam stats data updated from Excel!
Fanbases data updated from Excel!
Projects data updated from Excel!
Event updated from Excel!
Promotion data updated from Excel!
Banner data inserted successfully!
Products updated from Excel!
Fan Letters updated from Excel!
🔁 Running git_update.sh at Sun Feb  1 08:52:02 CST 2026
🌐 Current ngrok URL: https://2ef4a8ff4427.ngrok-free.app
✅ Update complete at Sun Feb  1 08:52:06 CST 2026
▶️ Running create_table.py
Tables dropped successfully in taekook.db!
Tables created successfully in taekook.db!
▶️ Running insert_data.py
TKURadio table updated from Excel!
Background Music updated from Excel!
Upcoming Events updated from Excel!
Highlights Events updated from Excel!
Recap videos updated from Excel!
Memories updated from Excel!
InTheNews updated from Excel!
Discography updated from Excel!
Music Videos updated from Excel!
Vote data updated from Excel!
Radio stations data updated from Excel!
Spotify stats data updated from Excel!
Youtube stats data updated from Excel!
Shazam stats data updated from Excel!
Fanbases data updated from Excel!
Projects data updated from Excel!
Event updated from Excel!
Promotion data updated from Excel!
Banner data inserted successfully!
Products updated from Excel!
Fan Letters updated from Excel!
🔁 Running git_update.sh at Sun Feb  1 16:52:02 CST 2026
🌐 Current ngrok URL: https://2ef4a8ff4427.ngrok-free.app
✅ Update complete at Sun Feb  1 16:52:06 CST 2026
▶️ Running create_table.py
Tables dropped successfully in taekook.db!
Tables created successfully in taekook.db!
▶️ Running insert_data.py
TKURadio table updated from Excel!
Background Music updated from Excel!
Upcoming Events updated from Excel!
Highlights Events updated from Excel!
Recap videos updated from Excel!
Memories updated from Excel!
InTheNews updated from Excel!
Discography updated from Excel!
Music Videos updated from Excel!
Vote data updated from Excel!
Radio stations data updated from Excel!
Spotify stats data updated from Excel!
Youtube stats data updated from Excel!
Shazam stats data updated from Excel!
Fanbases data updated from Excel!
Projects data updated from Excel!
Event updated from Excel!
Promotion data updated from Excel!
Banner data inserted successfully!
Products updated from Excel!
Fan Letters updated from Excel!
🔁 Running git_update.sh at Mon Feb  2 00:52:02 CST 2026
🌐 Current ngrok URL: https://2ef4a8ff4427.ngrok-free.app
✅ Update complete at Mon Feb  2 00:52:05 CST 2026
▶️ Running create_table.py
Tables dropped successfully in taekook.db!
Tables created successfully in taekook.db!
▶️ Running insert_data.py
TKURadio table updated from Excel!
Background Music updated from Excel!
Upcoming Events updated from Excel!
Highlights Events updated from Excel!
Recap videos updated from Excel!
Memories updated from Excel!
InTheNews updated from Excel!
Discography updated from Excel!
Music Videos updated from Excel!
Vote data updated from Excel!
Radio stations data updated from Excel!
Spotify stats data updated from Excel!
Youtube stats data updated from Excel!
Shazam stats data updated from Excel!
Fanbases data updated from Excel!
Projects data updated from Excel!
Event updated from Excel!
Promotion data updated from Excel!
Banner data inserted successfully!
Products updated from Excel!
Fan Letters updated from Excel!
🔁 Running git_update.sh at Mon Feb  2 08:52:02 CST 2026
🌐 Current ngrok URL: https://2ef4a8ff4427.ngrok-free.app
✅ Update complete at Mon Feb  2 08:52:06 CST 2026
▶️ Running create_table.py
Tables dropped successfully in taekook.db!
Tables created successfully in taekook.db!
▶️ Running insert_data.py
TKURadio table updated from Excel!
Background Music updated from Excel!
Upcoming Events updated from Excel!
Highlights Events updated from Excel!
Recap videos updated from Excel!
Memories updated from Excel!
InTheNews updated from Excel!
Discography updated from Excel!
Music Videos updated from Excel!
Vote data updated from Excel!
Radio stations data updated from Excel!
Spotify stats data updated from Excel!
Youtube stats data updated from Excel!
Shazam stats data updated from Excel!
Fanbases data updated from Excel!
Projects data updated from Excel!
Event updated from Excel!
Promotion data updated from Excel!
Banner data inserted successfully!
Products updated from Excel!
Fan Letters updated from Excel!
🔁 Running git_update.sh at Mon Feb  2 16:52:02 CST 2026
🌐 Current ngrok URL: https://2ef4a8ff4427.ngrok-free.app
✅ Update complete at Mon Feb  2 16:52:05 CST 2026
▶️ Running create_table.py
Tables dropped successfully in taekook.db!
Tables created successfully in taekook.db!
▶️ Running insert_data.py
TKURadio table updated from Excel!
Background Music updated from Excel!
Upcoming Events updated from Excel!
Highlights Events updated from Excel!
Recap videos updated from Excel!
Memories updated from Excel!
InTheNews updated from Excel!
Discography updated from Excel!
Music Videos updated from Excel!
Vote data updated from Excel!
Radio stations data updated from Excel!
Spotify stats data updated from Excel!
Youtube stats data updated from Excel!
Shazam stats data updated from Excel!
Fanbases data updated from Excel!
Projects data updated from Excel!
Event updated from Excel!
Promotion data updated from Excel!
Banner data inserted successfully!
Products updated from Excel!
Fan Letters updated from Excel!
🔁 Running git_update.sh at Tue Feb  3 00:52:19 CST 2026
🌐 Current ngrok URL: https://2ef4a8ff4427.ngrok-free.app
✅ Update complete at Tue Feb  3 00:52:23 CST 2026
▶️ Running create_table.py
Tables dropped successfully in taekook.db!
Tables created successfully in taekook.db!
▶️ Running insert_data.py
TKURadio table updated from Excel!
Background Music updated from Excel!
Upcoming Events updated from Excel!
Highlights Events updated from Excel!
Recap videos updated from Excel!
Memories updated from Excel!
InTheNews updated from Excel!
Discography updated from Excel!
Music Videos updated from Excel!
Vote data updated from Excel!
Radio stations data updated from Excel!
Spotify stats data updated from Excel!
Youtube stats data updated from Excel!
Shazam stats data updated from Excel!
Fanbases data updated from Excel!
Projects data updated from Excel!
Event updated from Excel!
Promotion data updated from Excel!
Banner data inserted successfully!
Products updated from Excel!
Fan Letters updated from Excel!
🔁 Running git_update.sh at Tue Feb  3 08:52:03 CST 2026
🌐 Current ngrok URL: https://2ef4a8ff4427.ngrok-free.app
✅ Update complete at Tue Feb  3 08:52:07 CST 2026
▶️ Running create_table.py
Tables dropped successfully in taekook.db!
Tables created successfully in taekook.db!
▶️ Running insert_data.py
TKURadio table updated from Excel!
Background Music updated from Excel!
Upcoming Events updated from Excel!
Highlights Events updated from Excel!
Recap videos updated from Excel!
Memories updated from Excel!
InTheNews updated from Excel!
Discography updated from Excel!
Music Videos updated from Excel!
Vote data updated from Excel!
Radio stations data updated from Excel!
Spotify stats data updated from Excel!
Youtube stats data updated from Excel!
Shazam stats data updated from Excel!
Fanbases data updated from Excel!
Projects data updated from Excel!
Event updated from Excel!
Promotion data updated from Excel!
Banner data inserted successfully!
Products updated from Excel!
Fan Letters updated from Excel!
🔁 Running git_update.sh at Tue Feb  3 16:52:04 CST 2026
🌐 Current ngrok URL: https://2ef4a8ff4427.ngrok-free.app
✅ Update complete at Tue Feb  3 16:52:09 CST 2026
▶️ Running create_table.py
Tables dropped successfully in taekook.db!
Tables created successfully in taekook.db!
▶️ Running insert_data.py
TKURadio table updated from Excel!
Background Music updated from Excel!
Upcoming Events updated from Excel!
Highlights Events updated from Excel!
Recap videos updated from Excel!
Memories updated from Excel!
InTheNews updated from Excel!
Discography updated from Excel!
Music Videos updated from Excel!
Vote data updated from Excel!
Radio stations data updated from Excel!
Spotify stats data updated from Excel!
Youtube stats data updated from Excel!
Shazam stats data updated from Excel!
Fanbases data updated from Excel!
Projects data updated from Excel!
Event updated from Excel!
Promotion data updated from Excel!
Banner data inserted successfully!
Products updated from Excel!
Fan Letters updated from Excel!
🔁 Running git_update.sh at Wed Feb  4 00:52:22 CST 2026
🌐 Current ngrok URL: https://2ef4a8ff4427.ngrok-free.app
✅ Update complete at Wed Feb  4 00:52:26 CST 2026
▶️ Running create_table.py
Tables dropped successfully in taekook.db!
Tables created successfully in taekook.db!
▶️ Running insert_data.py
TKURadio table updated from Excel!
Background Music updated from Excel!
Upcoming Events updated from Excel!
Highlights Events updated from Excel!
Recap videos updated from Excel!
Memories updated from Excel!
InTheNews updated from Excel!
Discography updated from Excel!
Music Videos updated from Excel!
Vote data updated from Excel!
Radio stations data updated from Excel!
Spotify stats data updated from Excel!
Youtube stats data updated from Excel!
Shazam stats data updated from Excel!
Fanbases data updated from Excel!
Projects data updated from Excel!
Event updated from Excel!
Promotion data updated from Excel!
Banner data inserted successfully!
Products updated from Excel!
Fan Letters updated from Excel!
🔁 Running git_update.sh at Wed Feb  4 08:52:35 CST 2026
🌐 Current ngrok URL: https://2ef4a8ff4427.ngrok-free.app
✅ Update complete at Wed Feb  4 08:52:41 CST 2026
▶️ Running create_table.py
Tables dropped successfully in taekook.db!
Tables created successfully in taekook.db!
▶️ Running insert_data.py
TKURadio table updated from Excel!
Background Music updated from Excel!
Upcoming Events updated from Excel!
Highlights Events updated from Excel!
Recap videos updated from Excel!
Memories updated from Excel!
InTheNews updated from Excel!
Discography updated from Excel!
Music Videos updated from Excel!
Vote data updated from Excel!
Radio stations data updated from Excel!
Spotify stats data updated from Excel!
Youtube stats data updated from Excel!
Shazam stats data updated from Excel!
Fanbases data updated from Excel!
Projects data updated from Excel!
Event updated from Excel!
Promotion data updated from Excel!
Banner data inserted successfully!
Products updated from Excel!
Fan Letters updated from Excel!
🔁 Running git_update.sh at Wed Feb  4 16:52:20 CST 2026
🌐 Current ngrok URL: https://2ef4a8ff4427.ngrok-free.app
✅ Update complete at Wed Feb  4 16:52:24 CST 2026
▶️ Running create_table.py
Tables dropped successfully in taekook.db!
Tables created successfully in taekook.db!
▶️ Running insert_data.py
TKURadio table updated from Excel!
Background Music updated from Excel!
Upcoming Events updated from Excel!
Highlights Events updated from Excel!
Recap videos updated from Excel!
Memories updated from Excel!
InTheNews updated from Excel!
Discography updated from Excel!
Music Videos updated from Excel!
Vote data updated from Excel!
Radio stations data updated from Excel!
Spotify stats data updated from Excel!
Youtube stats data updated from Excel!
Shazam stats data updated from Excel!
Fanbases data updated from Excel!
Projects data updated from Excel!
Event updated from Excel!
Promotion data updated from Excel!
Banner data inserted successfully!
Products updated from Excel!
Fan Letters updated from Excel!
🔁 Running git_update.sh at Thu Feb  5 00:52:01 CST 2026
🌐 Current ngrok URL: https://2ef4a8ff4427.ngrok-free.app
✅ Update complete at Thu Feb  5 00:52:05 CST 2026
▶️ Running create_table.py
Tables dropped successfully in taekook.db!
Tables created successfully in taekook.db!
▶️ Running insert_data.py
TKURadio table updated from Excel!
Background Music updated from Excel!
Upcoming Events updated from Excel!
Highlights Events updated from Excel!
Recap videos updated from Excel!
Memories updated from Excel!
InTheNews updated from Excel!
Discography updated from Excel!
Music Videos updated from Excel!
Vote data updated from Excel!
Radio stations data updated from Excel!
Spotify stats data updated from Excel!
Youtube stats data updated from Excel!
Shazam stats data updated from Excel!
Fanbases data updated from Excel!
Projects data updated from Excel!
Event updated from Excel!
Promotion data updated from Excel!
Banner data inserted successfully!
Products updated from Excel!
Fan Letters updated from Excel!
🔁 Running git_update.sh at Thu Feb  5 08:52:04 CST 2026
🌐 Current ngrok URL: https://5f7b-75-129-234-155.ngrok-free.app
✅ Update complete at Thu Feb  5 08:52:08 CST 2026
▶️ Running create_table.py
Tables dropped successfully in taekook.db!
Tables created successfully in taekook.db!
▶️ Running insert_data.py
TKURadio table updated from Excel!
Background Music updated from Excel!
Upcoming Events updated from Excel!
Highlights Events updated from Excel!
Recap videos updated from Excel!
Memories updated from Excel!
InTheNews updated from Excel!
Discography updated from Excel!
Music Videos updated from Excel!
Vote data updated from Excel!
Radio stations data updated from Excel!
Spotify stats data updated from Excel!
Youtube stats data updated from Excel!
Shazam stats data updated from Excel!
Fanbases data updated from Excel!
Projects data updated from Excel!
Event updated from Excel!
Promotion data updated from Excel!
Banner data inserted successfully!
Products updated from Excel!
Fan Letters updated from Excel!
🔁 Running git_update.sh at Thu Feb  5 16:52:01 CST 2026
🌐 Current ngrok URL: https://5f7b-75-129-234-155.ngrok-free.app
✅ Update complete at Thu Feb  5 16:52:03 CST 2026
▶️ Running create_table.py
Tables dropped successfully in taekook.db!
Tables created successfully in taekook.db!
▶️ Running insert_data.py
TKURadio table updated from Excel!
Background Music updated from Excel!
Upcoming Events updated from Excel!
Highlights Events updated from Excel!
Recap videos updated from Excel!
Memories updated from Excel!
InTheNews updated from Excel!
Discography updated from Excel!
Music Videos updated from Excel!
Vote data updated from Excel!
Radio stations data updated from Excel!
Spotify stats data updated from Excel!
Youtube stats data updated from Excel!
Shazam stats data updated from Excel!
Fanbases data updated from Excel!
Projects data updated from Excel!
Event updated from Excel!
Promotion data updated from Excel!
Banner data inserted successfully!
Products updated from Excel!
Fan Letters updated from Excel!
🔁 Running git_update.sh at Fri Feb  6 00:52:02 CST 2026
🌐 Current ngrok URL: https://5f7b-75-129-234-155.ngrok-free.app
✅ Update complete at Fri Feb  6 00:52:06 CST 2026
▶️ Running create_table.py
Tables dropped successfully in taekook.db!
Tables created successfully in taekook.db!
▶️ Running insert_data.py
TKURadio table updated from Excel!
Background Music updated from Excel!
Upcoming Events updated from Excel!
Highlights Events updated from Excel!
Recap videos updated from Excel!
Memories updated from Excel!
InTheNews updated from Excel!
Discography updated from Excel!
Music Videos updated from Excel!
Vote data updated from Excel!
Radio stations data updated from Excel!
Spotify stats data updated from Excel!
Youtube stats data updated from Excel!
Shazam stats data updated from Excel!
Fanbases data updated from Excel!
Projects data updated from Excel!
Event updated from Excel!
Promotion data updated from Excel!
Banner data inserted successfully!
Products updated from Excel!
Fan Letters updated from Excel!
🔁 Running git_update.sh at Fri Feb  6 08:52:01 CST 2026
🌐 Current ngrok URL: https://5f7b-75-129-234-155.ngrok-free.app
✅ Update complete at Fri Feb  6 08:52:02 CST 2026
▶️ Running create_table.py
Tables dropped successfully in taekook.db!
Tables created successfully in taekook.db!
▶️ Running insert_data.py
TKURadio table updated from Excel!
Background Music updated from Excel!
Upcoming Events updated from Excel!
Highlights Events updated from Excel!
Recap videos updated from Excel!
Memories updated from Excel!
InTheNews updated from Excel!
Discography updated from Excel!
Music Videos updated from Excel!
Vote data updated from Excel!
Radio stations data updated from Excel!
Spotify stats data updated from Excel!
Youtube stats data updated from Excel!
Shazam stats data updated from Excel!
Fanbases data updated from Excel!
Projects data updated from Excel!
Event updated from Excel!
Promotion data updated from Excel!
Banner data inserted successfully!
Products updated from Excel!
Fan Letters updated from Excel!
🔁 Running git_update.sh at Fri Feb  6 16:52:00 CST 2026
🌐 Current ngrok URL: https://5f7b-75-129-234-155.ngrok-free.app
✅ Update complete at Fri Feb  6 16:52:03 CST 2026
▶️ Running create_table.py
Tables dropped successfully in taekook.db!
Tables created successfully in taekook.db!
▶️ Running insert_data.py
TKURadio table updated from Excel!
Background Music updated from Excel!
Upcoming Events updated from Excel!
Highlights Events updated from Excel!
Recap videos updated from Excel!
Memories updated from Excel!
InTheNews updated from Excel!
Discography updated from Excel!
Music Videos updated from Excel!
Vote data updated from Excel!
Radio stations data updated from Excel!
Spotify stats data updated from Excel!
Youtube stats data updated from Excel!
Shazam stats data updated from Excel!
Fanbases data updated from Excel!
Projects data updated from Excel!
Event updated from Excel!
Promotion data updated from Excel!
Banner data inserted successfully!
Products updated from Excel!
Fan Letters updated from Excel!
🔁 Running git_update.sh at Sat Feb  7 00:52:00 CST 2026
🌐 Current ngrok URL: https://5f7b-75-129-234-155.ngrok-free.app
✅ Update complete at Sat Feb  7 00:52:03 CST 2026
▶️ Running create_table.py
Tables dropped successfully in taekook.db!
Tables created successfully in taekook.db!
▶️ Running insert_data.py
TKURadio table updated from Excel!
Background Music updated from Excel!
Upcoming Events updated from Excel!
Highlights Events updated from Excel!
Recap videos updated from Excel!
Memories updated from Excel!
InTheNews updated from Excel!
Discography updated from Excel!
Music Videos updated from Excel!
Vote data updated from Excel!
Radio stations data updated from Excel!
Spotify stats data updated from Excel!
Youtube stats data updated from Excel!
Shazam stats data updated from Excel!
Fanbases data updated from Excel!
Projects data updated from Excel!
Event updated from Excel!
Promotion data updated from Excel!
Banner data inserted successfully!
Products updated from Excel!
Fan Letters updated from Excel!
🔁 Running git_update.sh at Sat Feb  7 08:52:49 CST 2026
🌐 Current ngrok URL: https://5f7b-75-129-234-155.ngrok-free.app
✅ Update complete at Sat Feb  7 08:53:02 CST 2026
▶️ Running create_table.py
Tables dropped successfully in taekook.db!
Tables created successfully in taekook.db!
▶️ Running insert_data.py
TKURadio table updated from Excel!
Background Music updated from Excel!
Upcoming Events updated from Excel!
Highlights Events updated from Excel!
Recap videos updated from Excel!
Memories updated from Excel!
InTheNews updated from Excel!
Discography updated from Excel!
Music Videos updated from Excel!
Vote data updated from Excel!
Radio stations data updated from Excel!
Spotify stats data updated from Excel!
Youtube stats data updated from Excel!
Shazam stats data updated from Excel!
Fanbases data updated from Excel!
Projects data updated from Excel!
Event updated from Excel!
Promotion data updated from Excel!
Banner data inserted successfully!
Products updated from Excel!
Fan Letters updated from Excel!
🔁 Running git_update.sh at Sat Feb  7 16:52:02 CST 2026
🌐 Current ngrok URL: https://5f7b-75-129-234-155.ngrok-free.app
✅ Update complete at Sat Feb  7 16:52:06 CST 2026
▶️ Running create_table.py
Tables dropped successfully in taekook.db!
Tables created successfully in taekook.db!
▶️ Running insert_data.py
TKURadio table updated from Excel!
Background Music updated from Excel!
Upcoming Events updated from Excel!
Highlights Events updated from Excel!
Recap videos updated from Excel!
Memories updated from Excel!
InTheNews updated from Excel!
Discography updated from Excel!
Music Videos updated from Excel!
Vote data updated from Excel!
Radio stations data updated from Excel!
Spotify stats data updated from Excel!
Youtube stats data updated from Excel!
Shazam stats data updated from Excel!
Fanbases data updated from Excel!
Projects data updated from Excel!
Event updated from Excel!
Promotion data updated from Excel!
Banner data inserted successfully!
Products updated from Excel!
Fan Letters updated from Excel!
🔁 Running git_update.sh at Sun Feb  8 00:52:02 CST 2026
🌐 Current ngrok URL: https://5f7b-75-129-234-155.ngrok-free.app
✅ Update complete at Sun Feb  8 00:52:06 CST 2026
▶️ Running create_table.py
Tables dropped successfully in taekook.db!
Tables created successfully in taekook.db!
▶️ Running insert_data.py
TKURadio table updated from Excel!
Background Music updated from Excel!
Upcoming Events updated from Excel!
Highlights Events updated from Excel!
Recap videos updated from Excel!
Memories updated from Excel!
InTheNews updated from Excel!
Discography updated from Excel!
Music Videos updated from Excel!
Vote data updated from Excel!
Radio stations data updated from Excel!
Spotify stats data updated from Excel!
Youtube stats data updated from Excel!
Shazam stats data updated from Excel!
Fanbases data updated from Excel!
Projects data updated from Excel!
Event updated from Excel!
Promotion data updated from Excel!
Banner data inserted successfully!
Products updated from Excel!
Fan Letters updated from Excel!
🔁 Running git_update.sh at Sun Feb  8 08:52:02 CST 2026
🌐 Current ngrok URL: https://5f7b-75-129-234-155.ngrok-free.app
✅ Update complete at Sun Feb  8 08:52:06 CST 2026
▶️ Running create_table.py
Tables dropped successfully in taekook.db!
Tables created successfully in taekook.db!
▶️ Running insert_data.py
TKURadio table updated from Excel!
Background Music updated from Excel!
Upcoming Events updated from Excel!
Highlights Events updated from Excel!
Recap videos updated from Excel!
Memories updated from Excel!
InTheNews updated from Excel!
Discography updated from Excel!
Music Videos updated from Excel!
Vote data updated from Excel!
Radio stations data updated from Excel!
Spotify stats data updated from Excel!
Youtube stats data updated from Excel!
Shazam stats data updated from Excel!
Fanbases data updated from Excel!
Projects data updated from Excel!
Event updated from Excel!
Promotion data updated from Excel!
Banner data inserted successfully!
Products updated from Excel!
Fan Letters updated from Excel!
🔁 Running git_update.sh at Sun Feb  8 16:52:05 CST 2026
🌐 Current ngrok URL: https://5f7b-75-129-234-155.ngrok-free.app
✅ Update complete at Sun Feb  8 16:52:12 CST 2026
▶️ Running create_table.py
Tables dropped successfully in taekook.db!
Tables created successfully in taekook.db!
▶️ Running insert_data.py
TKURadio table updated from Excel!
Background Music updated from Excel!
Upcoming Events updated from Excel!
Highlights Events updated from Excel!
Recap videos updated from Excel!
Memories updated from Excel!
InTheNews updated from Excel!
Discography updated from Excel!
Music Videos updated from Excel!
Vote data updated from Excel!
Radio stations data updated from Excel!
Spotify stats data updated from Excel!
Youtube stats data updated from Excel!
Shazam stats data updated from Excel!
Fanbases data updated from Excel!
Projects data updated from Excel!
Event updated from Excel!
Promotion data updated from Excel!
Banner data inserted successfully!
Products updated from Excel!
Fan Letters updated from Excel!
🔁 Running git_update.sh at Mon Feb  9 00:52:02 CST 2026
🌐 Current ngrok URL: https://5f7b-75-129-234-155.ngrok-free.app
✅ Update complete at Mon Feb  9 00:52:06 CST 2026
▶️ Running create_table.py
Tables dropped successfully in taekook.db!
Tables created successfully in taekook.db!
▶️ Running insert_data.py
TKURadio table updated from Excel!
Background Music updated from Excel!
Upcoming Events updated from Excel!
Highlights Events updated from Excel!
Recap videos updated from Excel!
Memories updated from Excel!
InTheNews updated from Excel!
Discography updated from Excel!
Music Videos updated from Excel!
Vote data updated from Excel!
Radio stations data updated from Excel!
Spotify stats data updated from Excel!
Youtube stats data updated from Excel!
Shazam stats data updated from Excel!
Fanbases data updated from Excel!
Projects data updated from Excel!
Event updated from Excel!
Promotion data updated from Excel!
Banner data inserted successfully!
Products updated from Excel!
Fan Letters updated from Excel!
🔁 Running git_update.sh at Mon Feb  9 08:52:02 CST 2026
🌐 Current ngrok URL: https://5f7b-75-129-234-155.ngrok-free.app
✅ Update complete at Mon Feb  9 08:52:07 CST 2026
▶️ Running create_table.py
Tables dropped successfully in taekook.db!
Tables created successfully in taekook.db!
▶️ Running insert_data.py
TKURadio table updated from Excel!
Background Music updated from Excel!
Upcoming Events updated from Excel!
Highlights Events updated from Excel!
Recap videos updated from Excel!
Memories updated from Excel!
InTheNews updated from Excel!
Discography updated from Excel!
Music Videos updated from Excel!
Vote data updated from Excel!
Radio stations data updated from Excel!
Spotify stats data updated from Excel!
Youtube stats data updated from Excel!
Shazam stats data updated from Excel!
Fanbases data updated from Excel!
Projects data updated from Excel!
Event updated from Excel!
Promotion data updated from Excel!
Banner data inserted successfully!
Products updated from Excel!
Fan Letters updated from Excel!
🔁 Running git_update.sh at Mon Feb  9 16:52:02 CST 2026
🌐 Current ngrok URL: https://5f7b-75-129-234-155.ngrok-free.app
✅ Update complete at Mon Feb  9 16:52:06 CST 2026
▶️ Running create_table.py
Tables dropped successfully in taekook.db!
Tables created successfully in taekook.db!
▶️ Running insert_data.py
TKURadio table updated from Excel!
Background Music updated from Excel!
Upcoming Events updated from Excel!
Highlights Events updated from Excel!
Recap videos updated from Excel!
Memories updated from Excel!
InTheNews updated from Excel!
Discography updated from Excel!
Music Videos updated from Excel!
Vote data updated from Excel!
Radio stations data updated from Excel!
Spotify stats data updated from Excel!
Youtube stats data updated from Excel!
Shazam stats data updated from Excel!
Fanbases data updated from Excel!
Projects data updated from Excel!
Event updated from Excel!
Promotion data updated from Excel!
Banner data inserted successfully!
Products updated from Excel!
Fan Letters updated from Excel!
🔁 Running git_update.sh at Tue Feb 10 00:52:02 CST 2026
🌐 Current ngrok URL: https://5f7b-75-129-234-155.ngrok-free.app
✅ Update complete at Tue Feb 10 00:52:07 CST 2026
▶️ Running create_table.py
Tables dropped successfully in taekook.db!
Tables created successfully in taekook.db!
▶️ Running insert_data.py
TKURadio table updated from Excel!
Background Music updated from Excel!
Upcoming Events updated from Excel!
Highlights Events updated from Excel!
Recap videos updated from Excel!
Memories updated from Excel!
InTheNews updated from Excel!
Discography updated from Excel!
Music Videos updated from Excel!
Vote data updated from Excel!
Radio stations data updated from Excel!
Spotify stats data updated from Excel!
Youtube stats data updated from Excel!
Shazam stats data updated from Excel!
Fanbases data updated from Excel!
Projects data updated from Excel!
Event updated from Excel!
Promotion data updated from Excel!
Banner data inserted successfully!
Products updated from Excel!
Fan Letters updated from Excel!
🔁 Running git_update.sh at Tue Feb 10 08:52:02 CST 2026
🌐 Current ngrok URL: https://5f7b-75-129-234-155.ngrok-free.app
✅ Update complete at Tue Feb 10 08:52:07 CST 2026
▶️ Running create_table.py
Tables dropped successfully in taekook.db!
Tables created successfully in taekook.db!
▶️ Running insert_data.py
TKURadio table updated from Excel!
Background Music updated from Excel!
Upcoming Events updated from Excel!
Highlights Events updated from Excel!
Recap videos updated from Excel!
Memories updated from Excel!
InTheNews updated from Excel!
Discography updated from Excel!
Music Videos updated from Excel!
Vote data updated from Excel!
Radio stations data updated from Excel!
Spotify stats data updated from Excel!
Youtube stats data updated from Excel!
Shazam stats data updated from Excel!
Fanbases data updated from Excel!
Projects data updated from Excel!
Event updated from Excel!
Promotion data updated from Excel!
Banner data inserted successfully!
Products updated from Excel!
Fan Letters updated from Excel!
🔁 Running git_update.sh at Tue Feb 10 16:52:02 CST 2026
🌐 Current ngrok URL: https://5f7b-75-129-234-155.ngrok-free.app
✅ Update complete at Tue Feb 10 16:52:06 CST 2026
▶️ Running create_table.py
Tables dropped successfully in taekook.db!
Tables created successfully in taekook.db!
▶️ Running insert_data.py
TKURadio table updated from Excel!
Background Music updated from Excel!
Upcoming Events updated from Excel!
Highlights Events updated from Excel!
Recap videos updated from Excel!
Memories updated from Excel!
InTheNews updated from Excel!
Discography updated from Excel!
Music Videos updated from Excel!
Vote data updated from Excel!
Radio stations data updated from Excel!
Spotify stats data updated from Excel!
Youtube stats data updated from Excel!
Shazam stats data updated from Excel!
Fanbases data updated from Excel!
Projects data updated from Excel!
Event updated from Excel!
Promotion data updated from Excel!
Banner data inserted successfully!
Products updated from Excel!
Fan Letters updated from Excel!
🔁 Running git_update.sh at Wed Feb 11 00:52:02 CST 2026
🌐 Current ngrok URL: https://5f7b-75-129-234-155.ngrok-free.app
✅ Update complete at Wed Feb 11 00:52:06 CST 2026
▶️ Running create_table.py
Tables dropped successfully in taekook.db!
Tables created successfully in taekook.db!
▶️ Running insert_data.py
TKURadio table updated from Excel!
Background Music updated from Excel!
Upcoming Events updated from Excel!
Highlights Events updated from Excel!
Recap videos updated from Excel!
Memories updated from Excel!
InTheNews updated from Excel!
Discography updated from Excel!
Music Videos updated from Excel!
Vote data updated from Excel!
Radio stations data updated from Excel!
Spotify stats data updated from Excel!
Youtube stats data updated from Excel!
Shazam stats data updated from Excel!
Fanbases data updated from Excel!
Projects data updated from Excel!
Event updated from Excel!
Promotion data updated from Excel!
Banner data inserted successfully!
Products updated from Excel!
Fan Letters updated from Excel!
🔁 Running git_update.sh at Wed Feb 11 08:52:02 CST 2026
🌐 Current ngrok URL: https://5f7b-75-129-234-155.ngrok-free.app
